This is pdfTeX, Version 3.141592653-2.6-1.40.28 (TeX Live 2025) (preloaded format=pdflatex 2025.7.25)  5 MAY 2026 17:19
entering extended mode
 restricted \write18 enabled.
 file:line:error style messages enabled.
 %&-line parsing enabled.
**c:/Users/taiko/HCMUT/K252/CO3093_Computer_Networking/BTL/MMT_Assignment1/report_callback.tex
(c:/Users/taiko/HCMUT/K252/CO3093_Computer_Networking/BTL/MMT_Assignment1/report_callback.tex
LaTeX2e <2025-06-01> patch level 1
L3 programming layer <2025-07-19>
(c:/texlive/2025/texmf-dist/tex/latex/base/article.cls
Document Class: article 2025/01/22 v1.4n Standard LaTeX document class
(c:/texlive/2025/texmf-dist/tex/latex/base/size12.clo
File: size12.clo 2025/01/22 v1.4n Standard LaTeX file (size option)
)
\c@part=\count275
\c@section=\count276
\c@subsection=\count277
\c@subsubsection=\count278
\c@paragraph=\count279
\c@subparagraph=\count280
\c@figure=\count281
\c@table=\count282
\abovecaptionskip=\skip49
\belowcaptionskip=\skip50
\bibindent=\dimen148
) (c:/texlive/2025/texmf-dist/tex/latex/base/inputenc.sty
Package: inputenc 2024/02/08 v1.3d Input encoding file
\inpenc@prehook=\toks17
\inpenc@posthook=\toks18
) (c:/texlive/2025/texmf-dist/tex/latex/base/fontenc.sty
Package: fontenc 2024/12/21 v2.1c Standard LaTeX package
 (c:/texlive/2025/texmf-dist/tex/latex/vntex/t5enc.def
File: t5enc.def 2006/11/21 v1.4 Vietnamese T5 encoding
Now handling font encoding T5 ...
... processing UTF-8 mapping file for font encoding T5
 (c:/texlive/2025/texmf-dist/tex/latex/vntex/t5enc.dfu
File: t5enc.dfu 2006/08/19 v1.1 UTF8 support for Vietnamese
   defining Unicode char U+00AB (decimal 171)
   defining Unicode char U+00BB (decimal 187)
   defining Unicode char U+00C0 (decimal 192)
   defining Unicode char U+00C1 (decimal 193)
   defining Unicode char U+00C2 (decimal 194)
   defining Unicode char U+00C3 (decimal 195)
   defining Unicode char U+00C8 (decimal 200)
   defining Unicode char U+00C9 (decimal 201)
   defining Unicode char U+00CA (decimal 202)
   defining Unicode char U+00CC (decimal 204)
   defining Unicode char U+00CD (decimal 205)
   defining Unicode char U+00D2 (decimal 210)
   defining Unicode char U+00D3 (decimal 211)
   defining Unicode char U+00D4 (decimal 212)
   defining Unicode char U+00D5 (decimal 213)
   defining Unicode char U+00D9 (decimal 217)
   defining Unicode char U+00DA (decimal 218)
   defining Unicode char U+00DD (decimal 221)
   defining Unicode char U+00E0 (decimal 224)
   defining Unicode char U+00E1 (decimal 225)
   defining Unicode char U+00E2 (decimal 226)
   defining Unicode char U+00E3 (decimal 227)
   defining Unicode char U+00E8 (decimal 232)
   defining Unicode char U+00E9 (decimal 233)
   defining Unicode char U+00EA (decimal 234)
   defining Unicode char U+00EC (decimal 236)
   defining Unicode char U+00ED (decimal 237)
   defining Unicode char U+00F2 (decimal 242)
   defining Unicode char U+00F3 (decimal 243)
   defining Unicode char U+00F4 (decimal 244)
   defining Unicode char U+00F5 (decimal 245)
   defining Unicode char U+00F9 (decimal 249)
   defining Unicode char U+00FA (decimal 250)
   defining Unicode char U+00FD (decimal 253)
   defining Unicode char U+0102 (decimal 258)
   defining Unicode char U+0103 (decimal 259)
   defining Unicode char U+0110 (decimal 272)
   defining Unicode char U+0111 (decimal 273)
   defining Unicode char U+0128 (decimal 296)
   defining Unicode char U+0129 (decimal 297)
   defining Unicode char U+0131 (decimal 305)
   defining Unicode char U+0168 (decimal 360)
   defining Unicode char U+0169 (decimal 361)
   defining Unicode char U+01A0 (decimal 416)
   defining Unicode char U+01A1 (decimal 417)
   defining Unicode char U+01AF (decimal 431)
   defining Unicode char U+01B0 (decimal 432)
   defining Unicode char U+1EA0 (decimal 7840)
   defining Unicode char U+1EA1 (decimal 7841)
   defining Unicode char U+1EA2 (decimal 7842)
   defining Unicode char U+1EA3 (decimal 7843)
   defining Unicode char U+1EA4 (decimal 7844)
   defining Unicode char U+1EA5 (decimal 7845)
   defining Unicode char U+1EA6 (decimal 7846)
   defining Unicode char U+1EA7 (decimal 7847)
   defining Unicode char U+1EA8 (decimal 7848)
   defining Unicode char U+1EA9 (decimal 7849)
   defining Unicode char U+1EAA (decimal 7850)
   defining Unicode char U+1EAB (decimal 7851)
   defining Unicode char U+1EAC (decimal 7852)
   defining Unicode char U+1EAD (decimal 7853)
   defining Unicode char U+1EAE (decimal 7854)
   defining Unicode char U+1EAF (decimal 7855)
   defining Unicode char U+1EB0 (decimal 7856)
   defining Unicode char U+1EB1 (decimal 7857)
   defining Unicode char U+1EB2 (decimal 7858)
   defining Unicode char U+1EB3 (decimal 7859)
   defining Unicode char U+1EB4 (decimal 7860)
   defining Unicode char U+1EB5 (decimal 7861)
   defining Unicode char U+1EB6 (decimal 7862)
   defining Unicode char U+1EB7 (decimal 7863)
   defining Unicode char U+1EB8 (decimal 7864)
   defining Unicode char U+1EB9 (decimal 7865)
   defining Unicode char U+1EBA (decimal 7866)
   defining Unicode char U+1EBB (decimal 7867)
   defining Unicode char U+1EBC (decimal 7868)
   defining Unicode char U+1EBD (decimal 7869)
   defining Unicode char U+1EBE (decimal 7870)
   defining Unicode char U+1EBF (decimal 7871)
   defining Unicode char U+1EC0 (decimal 7872)
   defining Unicode char U+1EC1 (decimal 7873)
   defining Unicode char U+1EC2 (decimal 7874)
   defining Unicode char U+1EC3 (decimal 7875)
   defining Unicode char U+1EC4 (decimal 7876)
   defining Unicode char U+1EC5 (decimal 7877)
   defining Unicode char U+1EC6 (decimal 7878)
   defining Unicode char U+1EC7 (decimal 7879)
   defining Unicode char U+1EC8 (decimal 7880)
   defining Unicode char U+1EC9 (decimal 7881)
   defining Unicode char U+1ECA (decimal 7882)
   defining Unicode char U+1ECB (decimal 7883)
   defining Unicode char U+1ECC (decimal 7884)
   defining Unicode char U+1ECD (decimal 7885)
   defining Unicode char U+1ECE (decimal 7886)
   defining Unicode char U+1ECF (decimal 7887)
   defining Unicode char U+1ED0 (decimal 7888)
   defining Unicode char U+1ED1 (decimal 7889)
   defining Unicode char U+1ED2 (decimal 7890)
   defining Unicode char U+1ED3 (decimal 7891)
   defining Unicode char U+1ED4 (decimal 7892)
   defining Unicode char U+1ED5 (decimal 7893)
   defining Unicode char U+1ED6 (decimal 7894)
   defining Unicode char U+1ED7 (decimal 7895)
   defining Unicode char U+1ED8 (decimal 7896)
   defining Unicode char U+1ED9 (decimal 7897)
   defining Unicode char U+1EDA (decimal 7898)
   defining Unicode char U+1EDB (decimal 7899)
   defining Unicode char U+1EDC (decimal 7900)
   defining Unicode char U+1EDD (decimal 7901)
   defining Unicode char U+1EDE (decimal 7902)
   defining Unicode char U+1EDF (decimal 7903)
   defining Unicode char U+1EE0 (decimal 7904)
   defining Unicode char U+1EE1 (decimal 7905)
   defining Unicode char U+1EE2 (decimal 7906)
   defining Unicode char U+1EE3 (decimal 7907)
   defining Unicode char U+1EE4 (decimal 7908)
   defining Unicode char U+1EE5 (decimal 7909)
   defining Unicode char U+1EE6 (decimal 7910)
   defining Unicode char U+1EE7 (decimal 7911)
   defining Unicode char U+1EE8 (decimal 7912)
   defining Unicode char U+1EE9 (decimal 7913)
   defining Unicode char U+1EEA (decimal 7914)
   defining Unicode char U+1EEB (decimal 7915)
   defining Unicode char U+1EEC (decimal 7916)
   defining Unicode char U+1EED (decimal 7917)
   defining Unicode char U+1EEE (decimal 7918)
   defining Unicode char U+1EEF (decimal 7919)
   defining Unicode char U+1EF0 (decimal 7920)
   defining Unicode char U+1EF1 (decimal 7921)
   defining Unicode char U+1EF2 (decimal 7922)
   defining Unicode char U+1EF3 (decimal 7923)
   defining Unicode char U+1EF4 (decimal 7924)
   defining Unicode char U+1EF5 (decimal 7925)
   defining Unicode char U+1EF6 (decimal 7926)
   defining Unicode char U+1EF7 (decimal 7927)
   defining Unicode char U+1EF8 (decimal 7928)
   defining Unicode char U+1EF9 (decimal 7929)
   defining Unicode char U+200C (decimal 8204)
   defining Unicode char U+2013 (decimal 8211)
   defining Unicode char U+2014 (decimal 8212)
   defining Unicode char U+2018 (decimal 8216)
   defining Unicode char U+2019 (decimal 8217)
   defining Unicode char U+201A (decimal 8218)
   defining Unicode char U+201C (decimal 8220)
   defining Unicode char U+201D (decimal 8221)
   defining Unicode char U+201E (decimal 8222)
   defining Unicode char U+2030 (decimal 8240)
   defining Unicode char U+2031 (decimal 8241)
   defining Unicode char U+2039 (decimal 8249)
   defining Unicode char U+203A (decimal 8250)
   defining Unicode char U+2423 (decimal 9251)
))
LaTeX Font Info:    Trying to load font information for T5+cmr on input line 116.
 (c:/texlive/2025/texmf-dist/tex/latex/vntex/t5cmr.fd
File: t5cmr.fd 1999/05/25 v2.5h Standard LaTeX font definitions
)) (c:/texlive/2025/texmf-dist/tex/generic/babel/babel.sty
Package: babel 2025/07/13 v25.11 The multilingual framework for LuaLaTeX, pdfLaTeX and XeLaTeX
\babel@savecnt=\count283
LaTeX Encoding Info:    Redeclaring text command \ij (encoding OT1) on input line 2045.
LaTeX Encoding Info:    Redeclaring text command \IJ (encoding OT1) on input line 2047.
LaTeX Encoding Info:    Redeclaring text command \ij (encoding T1) on input line 2049.
LaTeX Encoding Info:    Redeclaring text command \IJ (encoding T1) on input line 2050.
LaTeX Encoding Info:    Ignoring declaration for text command \ij (encoding ?) on input line 2051.
LaTeX Encoding Info:    Ignoring declaration for text command \IJ (encoding ?) on input line 2053.
LaTeX Encoding Info:    Ignoring declaration for text command \SS (encoding ?) on input line 2078.
\U@D=\dimen149
\l@unhyphenated=\language90
 (c:/texlive/2025/texmf-dist/tex/generic/babel/txtbabel.def)
\bbl@readstream=\read2
\bbl@dirlevel=\count284
 (c:/texlive/2025/texmf-dist/tex/generic/babel-vietnamese/vietnamese.ldf
Language: vietnamese 
 (c:/texlive/2025/texmf-dist/tex/generic/babel/locale/vi/babel-vietnamese.tex
Package babel Info: Importing font and identification data for vietnamese
(babel)             from babel-vi.ini. Reported on input line 12.
) Loading definitions for the Vietnamese font encoding (c:/texlive/2025/texmf-dist/tex/latex/vntex/t5enc.def
File: t5enc.def 2006/11/21 v1.4 Vietnamese T5 encoding
LaTeX Font Info:    Redeclaring font encoding T5 on input line 75.
LaTeX Encoding Info:    Redeclaring text command \` (encoding T5) on input line 79.
LaTeX Encoding Info:    Redeclaring text command \' (encoding T5) on input line 80.
LaTeX Encoding Info:    Redeclaring text command \^ (encoding T5) on input line 81.
LaTeX Encoding Info:    Redeclaring text command \~ (encoding T5) on input line 82.
LaTeX Encoding Info:    Redeclaring text command \" (encoding T5) on input line 83.
LaTeX Encoding Info:    Redeclaring text command \r (encoding T5) on input line 84.
LaTeX Encoding Info:    Redeclaring text command \v (encoding T5) on input line 85.
LaTeX Encoding Info:    Redeclaring text command \u (encoding T5) on input line 86.
LaTeX Encoding Info:    Redeclaring text command \= (encoding T5) on input line 87.
LaTeX Encoding Info:    Redeclaring text command \. (encoding T5) on input line 88.
LaTeX Encoding Info:    Redeclaring text command \b (encoding T5) on input line 90.
LaTeX Encoding Info:    Redeclaring text command \c (encoding T5) on input line 94.
LaTeX Encoding Info:    Redeclaring text command \d (encoding T5) on input line 98.
LaTeX Encoding Info:    Redeclaring text command \h (encoding T5) on input line 103.
LaTeX Encoding Info:    Redeclaring text symbol \quotesinglbase (encoding T5) on input line 105.
LaTeX Encoding Info:    Redeclaring text symbol \guilsinglleft (encoding T5) on input line 106.
LaTeX Encoding Info:    Redeclaring text symbol \guilsinglright (encoding T5) on input line 107.
LaTeX Encoding Info:    Redeclaring text symbol \textquotedblleft (encoding T5) on input line 108.
LaTeX Encoding Info:    Redeclaring text symbol \textquotedblright (encoding T5) on input line 109.
LaTeX Encoding Info:    Redeclaring text symbol \quotedblbase (encoding T5) on input line 110.
LaTeX Encoding Info:    Redeclaring text symbol \guillemotleft (encoding T5) on input line 111.
LaTeX Encoding Info:    Redeclaring text symbol \guillemotright (encoding T5) on input line 112.
LaTeX Encoding Info:    Redeclaring text symbol \textendash (encoding T5) on input line 113.
LaTeX Encoding Info:    Redeclaring text symbol \textemdash (encoding T5) on input line 114.
LaTeX Encoding Info:    Redeclaring text symbol \textcompwordmark (encoding T5) on input line 115.
LaTeX Encoding Info:    Redeclaring text command \textperthousand (encoding T5) on input line 117.
LaTeX Encoding Info:    Redeclaring text command \textpertenthousand (encoding T5) on input line 118.
LaTeX Encoding Info:    Redeclaring text symbol \i (encoding T5) on input line 119.
LaTeX Encoding Info:    Redeclaring text symbol \textvisiblespace (encoding T5) on input line 121.
LaTeX Encoding Info:    Redeclaring text symbol \textquotedbl (encoding T5) on input line 122.
LaTeX Encoding Info:    Redeclaring text symbol \textdollar (encoding T5) on input line 123.
LaTeX Encoding Info:    Redeclaring text symbol \textquoteright (encoding T5) on input line 124.
LaTeX Encoding Info:    Redeclaring text symbol \textless (encoding T5) on input line 125.
LaTeX Encoding Info:    Redeclaring text symbol \textgreater (encoding T5) on input line 126.
LaTeX Encoding Info:    Redeclaring text symbol \textbackslash (encoding T5) on input line 127.
LaTeX Encoding Info:    Redeclaring text symbol \textasciicircum (encoding T5) on input line 128.
LaTeX Encoding Info:    Redeclaring text symbol \textunderscore (encoding T5) on input line 129.
LaTeX Encoding Info:    Redeclaring text symbol \textquoteleft (encoding T5) on input line 130.
LaTeX Encoding Info:    Redeclaring text symbol \textbraceleft (encoding T5) on input line 131.
LaTeX Encoding Info:    Redeclaring text symbol \textbar (encoding T5) on input line 132.
LaTeX Encoding Info:    Redeclaring text symbol \textbraceright (encoding T5) on input line 133.
LaTeX Encoding Info:    Redeclaring text symbol \textasciitilde (encoding T5) on input line 134.
LaTeX Encoding Info:    Redeclaring text command \horn (encoding T5) on input line 137.
LaTeX Encoding Info:    Redeclaring text symbol \DJ (encoding T5) on input line 306.
LaTeX Encoding Info:    Redeclaring text symbol \dj (encoding T5) on input line 307.
LaTeX Encoding Info:    Redeclaring text symbol \Acircumflex (encoding T5) on input line 312.
LaTeX Encoding Info:    Redeclaring text symbol \Abreve (encoding T5) on input line 319.
LaTeX Encoding Info:    Redeclaring text symbol \Ecircumflex (encoding T5) on input line 326.
LaTeX Encoding Info:    Redeclaring text symbol \Ocircumflex (encoding T5) on input line 333.
LaTeX Encoding Info:    Redeclaring text symbol \Ohorn (encoding T5) on input line 340.
LaTeX Encoding Info:    Redeclaring text symbol \Uhorn (encoding T5) on input line 347.
LaTeX Encoding Info:    Redeclaring text symbol \acircumflex (encoding T5) on input line 354.
LaTeX Encoding Info:    Redeclaring text symbol \abreve (encoding T5) on input line 361.
LaTeX Encoding Info:    Redeclaring text symbol \ecircumflex (encoding T5) on input line 368.
LaTeX Encoding Info:    Redeclaring text symbol \ocircumflex (encoding T5) on input line 375.
LaTeX Encoding Info:    Redeclaring text symbol \ohorn (encoding T5) on input line 382.
LaTeX Encoding Info:    Redeclaring text symbol \uhorn (encoding T5) on input line 389.
LaTeX Encoding Info:    Redeclaring text symbol \ACIRCUMFLEX (encoding T5) on input line 397.
LaTeX Encoding Info:    Redeclaring text symbol \ABREVE (encoding T5) on input line 404.
LaTeX Encoding Info:    Redeclaring text symbol \ECIRCUMFLEX (encoding T5) on input line 411.
LaTeX Encoding Info:    Redeclaring text symbol \OCIRCUMFLEX (encoding T5) on input line 418.
LaTeX Encoding Info:    Redeclaring text symbol \OHORN (encoding T5) on input line 425.
LaTeX Encoding Info:    Redeclaring text symbol \UHORN (encoding T5) on input line 432.
)
Package babel Info: Making " an active character on input line 147.
)) (c:/texlive/2025/texmf-dist/tex/latex/amsmath/amsmath.sty
Package: amsmath 2025/06/16 v2.17y AMS math features
\@mathmargin=\skip51

For additional information on amsmath, use the `?' option.
(c:/texlive/2025/texmf-dist/tex/latex/amsmath/amstext.sty
Package: amstext 2024/11/17 v2.01 AMS text
 (c:/texlive/2025/texmf-dist/tex/latex/amsmath/amsgen.sty
File: amsgen.sty 1999/11/30 v2.0 generic functions
\@emptytoks=\toks19
\ex@=\dimen150
)) (c:/texlive/2025/texmf-dist/tex/latex/amsmath/amsbsy.sty
Package: amsbsy 1999/11/29 v1.2d Bold Symbols
\pmbraise@=\dimen151
) (c:/texlive/2025/texmf-dist/tex/latex/amsmath/amsopn.sty
Package: amsopn 2022/04/08 v2.04 operator names
)
\inf@bad=\count285
LaTeX Info: Redefining \frac on input line 233.
\uproot@=\count286
\leftroot@=\count287
LaTeX Info: Redefining \overline on input line 398.
LaTeX Info: Redefining \colon on input line 409.
\classnum@=\count288
\DOTSCASE@=\count289
LaTeX Info: Redefining \ldots on input line 495.
LaTeX Info: Redefining \dots on input line 498.
LaTeX Info: Redefining \cdots on input line 619.
\Mathstrutbox@=\box53
\strutbox@=\box54
LaTeX Info: Redefining \big on input line 721.
LaTeX Info: Redefining \Big on input line 722.
LaTeX Info: Redefining \bigg on input line 723.
LaTeX Info: Redefining \Bigg on input line 724.
\big@size=\dimen152
LaTeX Font Info:    Redeclaring font encoding OML on input line 742.
LaTeX Font Info:    Redeclaring font encoding OMS on input line 743.
\macc@depth=\count290
LaTeX Info: Redefining \bmod on input line 904.
LaTeX Info: Redefining \pmod on input line 909.
LaTeX Info: Redefining \smash on input line 939.
LaTeX Info: Redefining \relbar on input line 969.
LaTeX Info: Redefining \Relbar on input line 970.
\c@MaxMatrixCols=\count291
\dotsspace@=\muskip17
\c@parentequation=\count292
\dspbrk@lvl=\count293
\tag@help=\toks20
\row@=\count294
\column@=\count295
\maxfields@=\count296
\andhelp@=\toks21
\eqnshift@=\dimen153
\alignsep@=\dimen154
\tagshift@=\dimen155
\tagwidth@=\dimen156
\totwidth@=\dimen157
\lineht@=\dimen158
\@envbody=\toks22
\multlinegap=\skip52
\multlinetaggap=\skip53
\mathdisplay@stack=\toks23
LaTeX Info: Redefining \[ on input line 2949.
LaTeX Info: Redefining \] on input line 2950.
) (c:/texlive/2025/texmf-dist/tex/latex/graphics/graphicx.sty
Package: graphicx 2024/12/31 v1.2e Enhanced LaTeX Graphics (DPC,SPQR)
 (c:/texlive/2025/texmf-dist/tex/latex/graphics/keyval.sty
Package: keyval 2022/05/29 v1.15 key=value parser (DPC)
\KV@toks@=\toks24
) (c:/texlive/2025/texmf-dist/tex/latex/graphics/graphics.sty
Package: graphics 2024/08/06 v1.4g Standard LaTeX Graphics (DPC,SPQR)
 (c:/texlive/2025/texmf-dist/tex/latex/graphics/trig.sty
Package: trig 2023/12/02 v1.11 sin cos tan (DPC)
) (c:/texlive/2025/texmf-dist/tex/latex/graphics-cfg/graphics.cfg
File: graphics.cfg 2016/06/04 v1.11 sample graphics configuration
)
Package graphics Info: Driver file: pdftex.def on input line 106.
 (c:/texlive/2025/texmf-dist/tex/latex/graphics-def/pdftex.def
File: pdftex.def 2024/04/13 v1.2c Graphics/color driver for pdftex
))
\Gin@req@height=\dimen159
\Gin@req@width=\dimen160
) (c:/texlive/2025/texmf-dist/tex/latex/listings/listings.sty
\lst@mode=\count297
\lst@gtempboxa=\box55
\lst@token=\toks25
\lst@length=\count298
\lst@currlwidth=\dimen161
\lst@column=\count299
\lst@pos=\count300
\lst@lostspace=\dimen162
\lst@width=\dimen163
\lst@newlines=\count301
\lst@lineno=\count302
\lst@maxwidth=\dimen164
 (c:/texlive/2025/texmf-dist/tex/latex/listings/lstpatch.sty
File: lstpatch.sty 2024/09/23 1.10c (Carsten Heinz)
) (c:/texlive/2025/texmf-dist/tex/latex/listings/lstmisc.sty
File: lstmisc.sty 2024/09/23 1.10c (Carsten Heinz)
\c@lstnumber=\count303
\lst@skipnumbers=\count304
\lst@framebox=\box56
) (c:/texlive/2025/texmf-dist/tex/latex/listings/listings.cfg
File: listings.cfg 2024/09/23 1.10c listings configuration
))
Package: listings 2024/09/23 1.10c (Carsten Heinz)
 (c:/texlive/2025/texmf-dist/tex/latex/xcolor/xcolor.sty
Package: xcolor 2024/09/29 v3.02 LaTeX color extensions (UK)
 (c:/texlive/2025/texmf-dist/tex/latex/graphics-cfg/color.cfg
File: color.cfg 2016/01/02 v1.6 sample color configuration
)
Package xcolor Info: Driver file: pdftex.def on input line 274.
 (c:/texlive/2025/texmf-dist/tex/latex/graphics/mathcolor.ltx)
Package xcolor Info: Model `cmy' substituted by `cmy0' on input line 1349.
Package xcolor Info: Model `hsb' substituted by `rgb' on input line 1353.
Package xcolor Info: Model `RGB' extended on input line 1365.
Package xcolor Info: Model `HTML' substituted by `rgb' on input line 1367.
Package xcolor Info: Model `Hsb' substituted by `hsb' on input line 1368.
Package xcolor Info: Model `tHsb' substituted by `hsb' on input line 1369.
Package xcolor Info: Model `HSB' substituted by `hsb' on input line 1370.
Package xcolor Info: Model `Gray' substituted by `gray' on input line 1371.
Package xcolor Info: Model `wave' substituted by `hsb' on input line 1372.
) (c:/texlive/2025/texmf-dist/tex/latex/tools/longtable.sty
Package: longtable 2024-12-18 v4.23 Multi-page Table package (DPC)
\LTleft=\skip54
\LTright=\skip55
\LTpre=\skip56
\LTpost=\skip57
\LTchunksize=\count305
\LTcapwidth=\dimen165
\LT@head=\box57
\LT@firsthead=\box58
\LT@foot=\box59
\LT@lastfoot=\box60
\LT@gbox=\box61
\LT@cols=\count306
\LT@rows=\count307
\c@LT@tables=\count308
\c@LT@chunks=\count309
\LT@p@ftn=\toks26
) (c:/texlive/2025/texmf-dist/tex/latex/geometry/geometry.sty
Package: geometry 2020/01/02 v5.9 Page Geometry
 (c:/texlive/2025/texmf-dist/tex/generic/iftex/ifvtex.sty
Package: ifvtex 2019/10/25 v1.7 ifvtex legacy package. Use iftex instead.
 (c:/texlive/2025/texmf-dist/tex/generic/iftex/iftex.sty
Package: iftex 2024/12/12 v1.0g TeX engine tests
))
\Gm@cnth=\count310
\Gm@cntv=\count311
\c@Gm@tempcnt=\count312
\Gm@bindingoffset=\dimen166
\Gm@wd@mp=\dimen167
\Gm@odd@mp=\dimen168
\Gm@even@mp=\dimen169
\Gm@layoutwidth=\dimen170
\Gm@layoutheight=\dimen171
\Gm@layouthoffset=\dimen172
\Gm@layoutvoffset=\dimen173
\Gm@dimlist=\toks27
) (c:/texlive/2025/texmf-dist/tex/latex/hyperref/hyperref.sty
Package: hyperref 2025-07-12 v7.01o Hypertext links for LaTeX
 (c:/texlive/2025/texmf-dist/tex/latex/kvsetkeys/kvsetkeys.sty
Package: kvsetkeys 2022-10-05 v1.19 Key value parser (HO)
) (c:/texlive/2025/texmf-dist/tex/generic/kvdefinekeys/kvdefinekeys.sty
Package: kvdefinekeys 2019-12-19 v1.6 Define keys (HO)
) (c:/texlive/2025/texmf-dist/tex/generic/pdfescape/pdfescape.sty
Package: pdfescape 2019/12/09 v1.15 Implements pdfTeX's escape features (HO)
 (c:/texlive/2025/texmf-dist/tex/generic/ltxcmds/ltxcmds.sty
Package: ltxcmds 2023-12-04 v1.26 LaTeX kernel commands for general use (HO)
) (c:/texlive/2025/texmf-dist/tex/generic/pdftexcmds/pdftexcmds.sty
Package: pdftexcmds 2020-06-27 v0.33 Utility functions of pdfTeX for LuaTeX (HO)
 (c:/texlive/2025/texmf-dist/tex/generic/infwarerr/infwarerr.sty
Package: infwarerr 2019/12/03 v1.5 Providing info/warning/error messages (HO)
)
Package pdftexcmds Info: \pdf@primitive is available.
Package pdftexcmds Info: \pdf@ifprimitive is available.
Package pdftexcmds Info: \pdfdraftmode found.
)) (c:/texlive/2025/texmf-dist/tex/latex/hycolor/hycolor.sty
Package: hycolor 2020-01-27 v1.10 Color options for hyperref/bookmark (HO)
) (c:/texlive/2025/texmf-dist/tex/latex/hyperref/nameref.sty
Package: nameref 2025-06-21 v2.57 Cross-referencing by name of section
 (c:/texlive/2025/texmf-dist/tex/latex/refcount/refcount.sty
Package: refcount 2019/12/15 v3.6 Data extraction from label references (HO)
) (c:/texlive/2025/texmf-dist/tex/generic/gettitlestring/gettitlestring.sty
Package: gettitlestring 2019/12/15 v1.6 Cleanup title references (HO)
 (c:/texlive/2025/texmf-dist/tex/latex/kvoptions/kvoptions.sty
Package: kvoptions 2022-06-15 v3.15 Key value format for package options (HO)
))
\c@section@level=\count313
) (c:/texlive/2025/texmf-dist/tex/latex/etoolbox/etoolbox.sty
Package: etoolbox 2025/02/11 v2.5l e-TeX tools for LaTeX (JAW)
\etb@tempcnta=\count314
) (c:/texlive/2025/texmf-dist/tex/generic/stringenc/stringenc.sty
Package: stringenc 2019/11/29 v1.12 Convert strings between diff. encodings (HO)
)
\@linkdim=\dimen174
\Hy@linkcounter=\count315
\Hy@pagecounter=\count316
 (c:/texlive/2025/texmf-dist/tex/latex/hyperref/pd1enc.def
File: pd1enc.def 2025-07-12 v7.01o Hyperref: PDFDocEncoding definition (HO)
Now handling font encoding PD1 ...
... no UTF-8 mapping file for font encoding PD1
) (c:/texlive/2025/texmf-dist/tex/generic/intcalc/intcalc.sty
Package: intcalc 2019/12/15 v1.3 Expandable calculations with integers (HO)
)
\Hy@SavedSpaceFactor=\count317
 (c:/texlive/2025/texmf-dist/tex/latex/hyperref/puenc.def
File: puenc.def 2025-07-12 v7.01o Hyperref: PDF Unicode definition (HO)
Now handling font encoding PU ...
... no UTF-8 mapping file for font encoding PU
)
Package hyperref Info: Hyper figures OFF on input line 4195.
Package hyperref Info: Link nesting OFF on input line 4200.
Package hyperref Info: Hyper index ON on input line 4203.
Package hyperref Info: Plain pages OFF on input line 4210.
Package hyperref Info: Backreferencing OFF on input line 4215.
Package hyperref Info: Implicit mode ON; LaTeX internals redefined.
Package hyperref Info: Bookmarks ON on input line 4462.
\c@Hy@tempcnt=\count318
 (c:/texlive/2025/texmf-dist/tex/latex/url/url.sty
\Urlmuskip=\muskip18
Package: url 2013/09/16  ver 3.4  Verb mode for urls, etc.
)
LaTeX Info: Redefining \url on input line 4801.
\XeTeXLinkMargin=\dimen175
 (c:/texlive/2025/texmf-dist/tex/generic/bitset/bitset.sty
Package: bitset 2019/12/09 v1.3 Handle bit-vector datatype (HO)
 (c:/texlive/2025/texmf-dist/tex/generic/bigintcalc/bigintcalc.sty
Package: bigintcalc 2019/12/15 v1.5 Expandable calculations on big integers (HO)
))
\Fld@menulength=\count319
\Field@Width=\dimen176
\Fld@charsize=\dimen177
Package hyperref Info: Hyper figures OFF on input line 6078.
Package hyperref Info: Link nesting OFF on input line 6083.
Package hyperref Info: Hyper index ON on input line 6086.
Package hyperref Info: backreferencing OFF on input line 6093.
Package hyperref Info: Link coloring OFF on input line 6098.
Package hyperref Info: Link coloring with OCG OFF on input line 6103.
Package hyperref Info: PDF/A mode OFF on input line 6108.
\Hy@abspage=\count320
\c@Item=\count321
\c@Hfootnote=\count322
)
Package hyperref Info: Driver (autodetected): hpdftex.
 (c:/texlive/2025/texmf-dist/tex/latex/hyperref/hpdftex.def
File: hpdftex.def 2025-07-12 v7.01o Hyperref driver for pdfTeX
\Fld@listcount=\count323
\c@bookmark@seq@number=\count324
 (c:/texlive/2025/texmf-dist/tex/latex/rerunfilecheck/rerunfilecheck.sty
Package: rerunfilecheck 2025-06-21 v1.11 Rerun checks for auxiliary files (HO)
 (c:/texlive/2025/texmf-dist/tex/generic/uniquecounter/uniquecounter.sty
Package: uniquecounter 2019/12/15 v1.4 Provide unlimited unique counter (HO)
)
Package uniquecounter Info: New unique counter `rerunfilecheck' on input line 284.
)
\Hy@SectionHShift=\skip58
) (c:/texlive/2025/texmf-dist/tex/latex/pgf/frontendlayer/tikz.sty (c:/texlive/2025/texmf-dist/tex/latex/pgf/basiclayer/pgf.sty (c:/texlive/2025/texmf-dist/tex/latex/pgf/utilities/pgfrcs.sty (c:/texlive/2025/texmf-dist/tex/generic/pgf/utilities/pgfutil-common.tex
\pgfutil@everybye=\toks28
\pgfutil@tempdima=\dimen178
\pgfutil@tempdimb=\dimen179
) (c:/texlive/2025/texmf-dist/tex/generic/pgf/utilities/pgfutil-latex.def
\pgfutil@abb=\box62
) (c:/texlive/2025/texmf-dist/tex/generic/pgf/utilities/pgfrcs.code.tex (c:/texlive/2025/texmf-dist/tex/generic/pgf/pgf.revision.tex)
Package: pgfrcs 2023-01-15 v3.1.10 (3.1.10)
))
Package: pgf 2023-01-15 v3.1.10 (3.1.10)
 (c:/texlive/2025/texmf-dist/tex/latex/pgf/basiclayer/pgfcore.sty (c:/texlive/2025/texmf-dist/tex/latex/pgf/systemlayer/pgfsys.sty (c:/texlive/2025/texmf-dist/tex/generic/pgf/systemlayer/pgfsys.code.tex
Package: pgfsys 2023-01-15 v3.1.10 (3.1.10)
 (c:/texlive/2025/texmf-dist/tex/generic/pgf/utilities/pgfkeys.code.tex
\pgfkeys@pathtoks=\toks29
\pgfkeys@temptoks=\toks30
 (c:/texlive/2025/texmf-dist/tex/generic/pgf/utilities/pgfkeyslibraryfiltered.code.tex
\pgfkeys@tmptoks=\toks31
))
\pgf@x=\dimen180
\pgf@y=\dimen181
\pgf@xa=\dimen182
\pgf@ya=\dimen183
\pgf@xb=\dimen184
\pgf@yb=\dimen185
\pgf@xc=\dimen186
\pgf@yc=\dimen187
\pgf@xd=\dimen188
\pgf@yd=\dimen189
\w@pgf@writea=\write3
\r@pgf@reada=\read3
\c@pgf@counta=\count325
\c@pgf@countb=\count326
\c@pgf@countc=\count327
\c@pgf@countd=\count328
\t@pgf@toka=\toks32
\t@pgf@tokb=\toks33
\t@pgf@tokc=\toks34
\pgf@sys@id@count=\count329
 (c:/texlive/2025/texmf-dist/tex/generic/pgf/systemlayer/pgf.cfg
File: pgf.cfg 2023-01-15 v3.1.10 (3.1.10)
)
Driver file for pgf: pgfsys-pdftex.def
 (c:/texlive/2025/texmf-dist/tex/generic/pgf/systemlayer/pgfsys-pdftex.def
File: pgfsys-pdftex.def 2023-01-15 v3.1.10 (3.1.10)
 (c:/texlive/2025/texmf-dist/tex/generic/pgf/systemlayer/pgfsys-common-pdf.def
File: pgfsys-common-pdf.def 2023-01-15 v3.1.10 (3.1.10)
))) (c:/texlive/2025/texmf-dist/tex/generic/pgf/systemlayer/pgfsyssoftpath.code.tex
File: pgfsyssoftpath.code.tex 2023-01-15 v3.1.10 (3.1.10)
\pgfsyssoftpath@smallbuffer@items=\count330
\pgfsyssoftpath@bigbuffer@items=\count331
) (c:/texlive/2025/texmf-dist/tex/generic/pgf/systemlayer/pgfsysprotocol.code.tex
File: pgfsysprotocol.code.tex 2023-01-15 v3.1.10 (3.1.10)
)) (c:/texlive/2025/texmf-dist/tex/generic/pgf/basiclayer/pgfcore.code.tex
Package: pgfcore 2023-01-15 v3.1.10 (3.1.10)
 (c:/texlive/2025/texmf-dist/tex/generic/pgf/math/pgfmath.code.tex (c:/texlive/2025/texmf-dist/tex/generic/pgf/math/pgfmathutil.code.tex) (c:/texlive/2025/texmf-dist/tex/generic/pgf/math/pgfmathparser.code.tex
\pgfmath@dimen=\dimen190
\pgfmath@count=\count332
\pgfmath@box=\box63
\pgfmath@toks=\toks35
\pgfmath@stack@operand=\toks36
\pgfmath@stack@operation=\toks37
) (c:/texlive/2025/texmf-dist/tex/generic/pgf/math/pgfmathfunctions.code.tex) (c:/texlive/2025/texmf-dist/tex/generic/pgf/math/pgfmathfunctions.basic.code.tex) (c:/texlive/2025/texmf-dist/tex/generic/pgf/math/pgfmathfunctions.trigonometric.code.tex) (c:/texlive/2025/texmf-dist/tex/generic/pgf/math/pgfmathfunctions.random.code.tex) (c:/texlive/2025/texmf-dist/tex/generic/pgf/math/pgfmathfunctions.comparison.code.tex) (c:/texlive/2025/texmf-dist/tex/generic/pgf/math/pgfmathfunctions.base.code.tex) (c:/texlive/2025/texmf-dist/tex/generic/pgf/math/pgfmathfunctions.round.code.tex) (c:/texlive/2025/texmf-dist/tex/generic/pgf/math/pgfmathfunctions.misc.code.tex) (c:/texlive/2025/texmf-dist/tex/generic/pgf/math/pgfmathfunctions.integerarithmetics.code.tex) (c:/texlive/2025/texmf-dist/tex/generic/pgf/math/pgfmathcalc.code.tex) (c:/texlive/2025/texmf-dist/tex/generic/pgf/math/pgfmathfloat.code.tex
\c@pgfmathroundto@lastzeros=\count333
)) (c:/texlive/2025/texmf-dist/tex/generic/pgf/math/pgfint.code.tex) (c:/texlive/2025/texmf-dist/tex/generic/pgf/basiclayer/pgfcorepoints.code.tex
File: pgfcorepoints.code.tex 2023-01-15 v3.1.10 (3.1.10)
\pgf@picminx=\dimen191
\pgf@picmaxx=\dimen192
\pgf@picminy=\dimen193
\pgf@picmaxy=\dimen194
\pgf@pathminx=\dimen195
\pgf@pathmaxx=\dimen196
\pgf@pathminy=\dimen197
\pgf@pathmaxy=\dimen198
\pgf@xx=\dimen199
\pgf@xy=\dimen256
\pgf@yx=\dimen257
\pgf@yy=\dimen258
\pgf@zx=\dimen259
\pgf@zy=\dimen260
) (c:/texlive/2025/texmf-dist/tex/generic/pgf/basiclayer/pgfcorepathconstruct.code.tex
File: pgfcorepathconstruct.code.tex 2023-01-15 v3.1.10 (3.1.10)
\pgf@path@lastx=\dimen261
\pgf@path@lasty=\dimen262
) (c:/texlive/2025/texmf-dist/tex/generic/pgf/basiclayer/pgfcorepathusage.code.tex
File: pgfcorepathusage.code.tex 2023-01-15 v3.1.10 (3.1.10)
\pgf@shorten@end@additional=\dimen263
\pgf@shorten@start@additional=\dimen264
) (c:/texlive/2025/texmf-dist/tex/generic/pgf/basiclayer/pgfcorescopes.code.tex
File: pgfcorescopes.code.tex 2023-01-15 v3.1.10 (3.1.10)
\pgfpic=\box64
\pgf@hbox=\box65
\pgf@layerbox@main=\box66
\pgf@picture@serial@count=\count334
) (c:/texlive/2025/texmf-dist/tex/generic/pgf/basiclayer/pgfcoregraphicstate.code.tex
File: pgfcoregraphicstate.code.tex 2023-01-15 v3.1.10 (3.1.10)
\pgflinewidth=\dimen265
) (c:/texlive/2025/texmf-dist/tex/generic/pgf/basiclayer/pgfcoretransformations.code.tex
File: pgfcoretransformations.code.tex 2023-01-15 v3.1.10 (3.1.10)
\pgf@pt@x=\dimen266
\pgf@pt@y=\dimen267
\pgf@pt@temp=\dimen268
) (c:/texlive/2025/texmf-dist/tex/generic/pgf/basiclayer/pgfcorequick.code.tex
File: pgfcorequick.code.tex 2023-01-15 v3.1.10 (3.1.10)
) (c:/texlive/2025/texmf-dist/tex/generic/pgf/basiclayer/pgfcoreobjects.code.tex
File: pgfcoreobjects.code.tex 2023-01-15 v3.1.10 (3.1.10)
) (c:/texlive/2025/texmf-dist/tex/generic/pgf/basiclayer/pgfcorepathprocessing.code.tex
File: pgfcorepathprocessing.code.tex 2023-01-15 v3.1.10 (3.1.10)
) (c:/texlive/2025/texmf-dist/tex/generic/pgf/basiclayer/pgfcorearrows.code.tex
File: pgfcorearrows.code.tex 2023-01-15 v3.1.10 (3.1.10)
\pgfarrowsep=\dimen269
) (c:/texlive/2025/texmf-dist/tex/generic/pgf/basiclayer/pgfcoreshade.code.tex
File: pgfcoreshade.code.tex 2023-01-15 v3.1.10 (3.1.10)
\pgf@max=\dimen270
\pgf@sys@shading@range@num=\count335
\pgf@shadingcount=\count336
) (c:/texlive/2025/texmf-dist/tex/generic/pgf/basiclayer/pgfcoreimage.code.tex
File: pgfcoreimage.code.tex 2023-01-15 v3.1.10 (3.1.10)
) (c:/texlive/2025/texmf-dist/tex/generic/pgf/basiclayer/pgfcoreexternal.code.tex
File: pgfcoreexternal.code.tex 2023-01-15 v3.1.10 (3.1.10)
\pgfexternal@startupbox=\box67
) (c:/texlive/2025/texmf-dist/tex/generic/pgf/basiclayer/pgfcorelayers.code.tex
File: pgfcorelayers.code.tex 2023-01-15 v3.1.10 (3.1.10)
) (c:/texlive/2025/texmf-dist/tex/generic/pgf/basiclayer/pgfcoretransparency.code.tex
File: pgfcoretransparency.code.tex 2023-01-15 v3.1.10 (3.1.10)
) (c:/texlive/2025/texmf-dist/tex/generic/pgf/basiclayer/pgfcorepatterns.code.tex
File: pgfcorepatterns.code.tex 2023-01-15 v3.1.10 (3.1.10)
) (c:/texlive/2025/texmf-dist/tex/generic/pgf/basiclayer/pgfcorerdf.code.tex
File: pgfcorerdf.code.tex 2023-01-15 v3.1.10 (3.1.10)
))) (c:/texlive/2025/texmf-dist/tex/generic/pgf/modules/pgfmoduleshapes.code.tex
File: pgfmoduleshapes.code.tex 2023-01-15 v3.1.10 (3.1.10)
\pgfnodeparttextbox=\box68
) (c:/texlive/2025/texmf-dist/tex/generic/pgf/modules/pgfmoduleplot.code.tex
File: pgfmoduleplot.code.tex 2023-01-15 v3.1.10 (3.1.10)
) (c:/texlive/2025/texmf-dist/tex/latex/pgf/compatibility/pgfcomp-version-0-65.sty
Package: pgfcomp-version-0-65 2023-01-15 v3.1.10 (3.1.10)
\pgf@nodesepstart=\dimen271
\pgf@nodesepend=\dimen272
) (c:/texlive/2025/texmf-dist/tex/latex/pgf/compatibility/pgfcomp-version-1-18.sty
Package: pgfcomp-version-1-18 2023-01-15 v3.1.10 (3.1.10)
)) (c:/texlive/2025/texmf-dist/tex/latex/pgf/utilities/pgffor.sty (c:/texlive/2025/texmf-dist/tex/latex/pgf/utilities/pgfkeys.sty (c:/texlive/2025/texmf-dist/tex/generic/pgf/utilities/pgfkeys.code.tex)) (c:/texlive/2025/texmf-dist/tex/latex/pgf/math/pgfmath.sty (c:/texlive/2025/texmf-dist/tex/generic/pgf/math/pgfmath.code.tex)) (c:/texlive/2025/texmf-dist/tex/generic/pgf/utilities/pgffor.code.tex
Package: pgffor 2023-01-15 v3.1.10 (3.1.10)
\pgffor@iter=\dimen273
\pgffor@skip=\dimen274
\pgffor@stack=\toks38
\pgffor@toks=\toks39
)) (c:/texlive/2025/texmf-dist/tex/generic/pgf/frontendlayer/tikz/tikz.code.tex
Package: tikz 2023-01-15 v3.1.10 (3.1.10)
 (c:/texlive/2025/texmf-dist/tex/generic/pgf/libraries/pgflibraryplothandlers.code.tex
File: pgflibraryplothandlers.code.tex 2023-01-15 v3.1.10 (3.1.10)
\pgf@plot@mark@count=\count337
\pgfplotmarksize=\dimen275
)
\tikz@lastx=\dimen276
\tikz@lasty=\dimen277
\tikz@lastxsaved=\dimen278
\tikz@lastysaved=\dimen279
\tikz@lastmovetox=\dimen280
\tikz@lastmovetoy=\dimen281
\tikzleveldistance=\dimen282
\tikzsiblingdistance=\dimen283
\tikz@figbox=\box69
\tikz@figbox@bg=\box70
\tikz@tempbox=\box71
\tikz@tempbox@bg=\box72
\tikztreelevel=\count338
\tikznumberofchildren=\count339
\tikznumberofcurrentchild=\count340
\tikz@fig@count=\count341
 (c:/texlive/2025/texmf-dist/tex/generic/pgf/modules/pgfmodulematrix.code.tex
File: pgfmodulematrix.code.tex 2023-01-15 v3.1.10 (3.1.10)
\pgfmatrixcurrentrow=\count342
\pgfmatrixcurrentcolumn=\count343
\pgf@matrix@numberofcolumns=\count344
)
\tikz@expandcount=\count345
 (c:/texlive/2025/texmf-dist/tex/generic/pgf/frontendlayer/tikz/libraries/tikzlibrarytopaths.code.tex
File: tikzlibrarytopaths.code.tex 2023-01-15 v3.1.10 (3.1.10)
))) (c:/texlive/2025/texmf-dist/tex/generic/pgf/frontendlayer/tikz/libraries/tikzlibrarypositioning.code.tex
File: tikzlibrarypositioning.code.tex 2023-01-15 v3.1.10 (3.1.10)
) (c:/texlive/2025/texmf-dist/tex/generic/pgf/libraries/pgflibraryarrows.meta.code.tex
File: pgflibraryarrows.meta.code.tex 2023-01-15 v3.1.10 (3.1.10)
\pgfarrowinset=\dimen284
\pgfarrowlength=\dimen285
\pgfarrowwidth=\dimen286
\pgfarrowlinewidth=\dimen287
) (c:/texlive/2025/texmf-dist/tex/latex/booktabs/booktabs.sty
Package: booktabs 2020/01/12 v1.61803398 Publication quality tables
\heavyrulewidth=\dimen288
\lightrulewidth=\dimen289
\cmidrulewidth=\dimen290
\belowrulesep=\dimen291
\belowbottomsep=\dimen292
\aboverulesep=\dimen293
\abovetopsep=\dimen294
\cmidrulesep=\dimen295
\cmidrulekern=\dimen296
\defaultaddspace=\dimen297
\@cmidla=\count346
\@cmidlb=\count347
\@aboverulesep=\dimen298
\@belowrulesep=\dimen299
\@thisruleclass=\count348
\@lastruleclass=\count349
\@thisrulewidth=\dimen300
) (c:/texlive/2025/texmf-dist/tex/latex/float/float.sty
Package: float 2001/11/08 v1.3d Float enhancements (AL)
\c@float@type=\count350
\float@exts=\toks40
\float@box=\box73
\@float@everytoks=\toks41
\@floatcapt=\box74
) (c:/texlive/2025/texmf-dist/tex/latex/fancyhdr/fancyhdr.sty
Package: fancyhdr 2025/02/07 v5.2 Extensive control of page headers and footers
\f@nch@headwidth=\skip59
\f@nch@offset@elh=\skip60
\f@nch@offset@erh=\skip61
\f@nch@offset@olh=\skip62
\f@nch@offset@orh=\skip63
\f@nch@offset@elf=\skip64
\f@nch@offset@erf=\skip65
\f@nch@offset@olf=\skip66
\f@nch@offset@orf=\skip67
\f@nch@height=\skip68
\f@nch@footalignment=\skip69
\f@nch@widthL=\skip70
\f@nch@widthC=\skip71
\f@nch@widthR=\skip72
\@temptokenb=\toks42
) (c:/texlive/2025/texmf-dist/tex/latex/lastpage/lastpage.sty
Package: lastpage 2025/06/06 v2.1g lastpage: 2.09 or 2e? (HMM)
 (c:/texlive/2025/texmf-dist/tex/latex/lastpage/lastpage2e.sty
Package: lastpage2e 2025/06/06 v2.1g Decide which 2e lastpage version to use (HMM)
 (c:/texlive/2025/texmf-dist/tex/latex/lastpage/lastpagemodern.sty
Package: lastpagemodern 2025-06-06 v2.1g Refers to last page's name (HMM; JPG)
\c@lastpagecount=\count351
) 
)) (c:/texlive/2025/texmf-dist/tex/latex/setspace/setspace.sty
Package: setspace 2022/12/04 v6.7b set line spacing
) (c:/texlive/2025/texmf-dist/tex/latex/titlesec/titlesec.sty
Package: titlesec 2025/01/04 v2.17 Sectioning titles
\ttl@box=\box75
\beforetitleunit=\skip73
\aftertitleunit=\skip74
\ttl@plus=\dimen301
\ttl@minus=\dimen302
\ttl@toksa=\toks43
\titlewidth=\dimen303
\titlewidthlast=\dimen304
\titlewidthfirst=\dimen305
) (c:/texlive/2025/texmf-dist/tex/latex/l3backend/l3backend-pdftex.def
File: l3backend-pdftex.def 2025-06-09 L3 backend support: PDF output (pdfTeX)
\l__color_backend_stack_int=\count352
) (output/report_callback.aux)
\openout1 = `report_callback.aux'.

LaTeX Font Info:    Checking defaults for OML/cmm/m/it on input line 48.
LaTeX Font Info:    ... okay on input line 48.
LaTeX Font Info:    Checking defaults for OMS/cmsy/m/n on input line 48.
LaTeX Font Info:    ... okay on input line 48.
LaTeX Font Info:    Checking defaults for OT1/cmr/m/n on input line 48.
LaTeX Font Info:    ... okay on input line 48.
LaTeX Font Info:    Checking defaults for T1/cmr/m/n on input line 48.
LaTeX Font Info:    ... okay on input line 48.
LaTeX Font Info:    Checking defaults for TS1/cmr/m/n on input line 48.
LaTeX Font Info:    ... okay on input line 48.
LaTeX Font Info:    Checking defaults for OMX/cmex/m/n on input line 48.
LaTeX Font Info:    ... okay on input line 48.
LaTeX Font Info:    Checking defaults for U/cmr/m/n on input line 48.
LaTeX Font Info:    ... okay on input line 48.
LaTeX Font Info:    Checking defaults for T5/cmr/m/n on input line 48.
LaTeX Font Info:    ... okay on input line 48.
LaTeX Font Info:    Checking defaults for PD1/pdf/m/n on input line 48.
LaTeX Font Info:    ... okay on input line 48.
LaTeX Font Info:    Checking defaults for PU/pdf/m/n on input line 48.
LaTeX Font Info:    ... okay on input line 48.
Package babel Info: 'vietnamese' activates 'vietnamese' shorthands.
(babel)             Reported on input line 48.
 (c:/texlive/2025/texmf-dist/tex/context/base/mkii/supp-pdf.mkii
[Loading MPS to PDF converter (version 2006.09.02).]
\scratchcounter=\count353
\scratchdimen=\dimen306
\scratchbox=\box76
\nofMPsegments=\count354
\nofMParguments=\count355
\everyMPshowfont=\toks44
\MPscratchCnt=\count356
\MPscratchDim=\dimen307
\MPnumerator=\count357
\makeMPintoPDFobject=\count358
\everyMPtoPDFconversion=\toks45
) (c:/texlive/2025/texmf-dist/tex/latex/epstopdf-pkg/epstopdf-base.sty
Package: epstopdf-base 2020-01-24 v2.11 Base part for package epstopdf
Package epstopdf-base Info: Redefining graphics rule for `.eps' on input line 485.
 (c:/texlive/2025/texmf-dist/tex/latex/latexconfig/epstopdf-sys.cfg
File: epstopdf-sys.cfg 2010/07/13 v1.3 Configuration of (r)epstopdf for TeX Live
))
\c@lstlisting=\count359

*geometry* driver: auto-detecting
*geometry* detected driver: pdftex
*geometry* verbose mode - [ preamble ] result:
* driver: pdftex
* paper: a4paper
* layout: <same size as paper>
* layoutoffset:(h,v)=(0.0pt,0.0pt)
* modes: 
* h-part:(L,W,R)=(56.9055pt, 483.69687pt, 56.9055pt)
* v-part:(T,H,B)=(71.13188pt, 702.78308pt, 71.13188pt)
* \paperwidth=597.50787pt
* \paperheight=845.04684pt
* \textwidth=483.69687pt
* \textheight=702.78308pt
* \oddsidemargin=-15.36449pt
* \evensidemargin=-15.36449pt
* \topmargin=-38.1381pt
* \headheight=12.0pt
* \headsep=25.0pt
* \topskip=12.0pt
* \footskip=30.0pt
* \marginparwidth=35.0pt
* \marginparsep=10.0pt
* \columnsep=10.0pt
* \skip\footins=10.8pt plus 4.0pt minus 2.0pt
* \hoffset=0.0pt
* \voffset=0.0pt
* \mag=1000
* \@twocolumnfalse
* \@twosidefalse
* \@mparswitchfalse
* \@reversemarginfalse
* (1in=72.27pt=25.4mm, 1cm=28.453pt)

Package hyperref Info: Link coloring OFF on input line 48.
\@outlinefile=\write4
\openout4 = `report_callback.out'.


c:/Users/taiko/HCMUT/K252/CO3093_Computer_Networking/BTL/MMT_Assignment1/report_callback.tex:62: LaTeX Error: Illegal character in array arg.

See the LaTeX manual or LaTeX Companion for explanation.
Type  H <return>  for immediate help.
 ...                                              
                                                  
l.62 \begin{tabular}{>{\bfseries}ll}
                                    
You're in trouble here.  Try typing  <return>  to proceed.
If that doesn't work, type  X <return>  to quit.


c:/Users/taiko/HCMUT/K252/CO3093_Computer_Networking/BTL/MMT_Assignment1/report_callback.tex:62: LaTeX Error:  Illegal character in array arg.

See the LaTeX manual or LaTeX Companion for explanation.
Type  H <return>  for immediate help.
 ...                                              
                                                  
l.62 \begin{tabular}{>{\bfseries}ll}
                                    
You're in trouble here.  Try typing  <return>  to proceed.
If that doesn't work, type  X <return>  to quit.



[1

{c:/texlive/2025/texmf-var/fonts/map/pdftex/updmap/pdftex.map}]
No file report_callback.toc.
\tf@toc=\write5
\openout5 = `report_callback.toc'.



Package babel Info: 'vietnamese' activates 'vietnamese' shorthands.
(babel)             Reported on input line 78.

Package fancyhdr Warning: \headheight is too small (12.0pt): 
(fancyhdr)                Make it at least 14.49998pt, for example:
(fancyhdr)                \setlength{\headheight}{14.49998pt}.
(fancyhdr)                You might also make \topmargin smaller:
(fancyhdr)                \addtolength{\topmargin}{-2.49998pt}.


LaTeX Warning: Reference `LastPage' on page 1 undefined on input line 78.


pdfTeX warning (ext4): destination with the same identifier (name{page.1}) has been already used, duplicate ignored
<to be read again> 
                   \relax 
l.78 \newpage\tableofcontents\newpage
                                      [1]
LaTeX Font Info:    Trying to load font information for T5+cmtt on input line 85.
 (c:/texlive/2025/texmf-dist/tex/latex/vntex/t5cmtt.fd
File: t5cmtt.fd 1999/05/25 v2.5h Standard LaTeX font definitions
)
LaTeX Font Info:    Font shape `T5/cmtt/bx/n' in size <14.4> not available
(Font)              Font shape `T5/cmtt/m/n' tried instead on input line 106.
LaTeX Font Info:    Font shape `T5/cmtt/bx/n' in size <12> not available
(Font)              Font shape `T5/cmtt/m/n' tried instead on input line 108.
 (c:/texlive/2025/texmf-dist/tex/latex/listings/lstlang1.sty
File: lstlang1.sty 2024/09/23 1.10c listings language file
)
Package hyperref Info: bookmark level for unknown lstlisting defaults to 0 on input line 112.
LaTeX Font Info:    Font shape `T5/cmtt/bx/n' in size <10.95> not available
(Font)              Font shape `T5/cmtt/m/n' tried instead on input line 113.



Package fancyhdr Warning: \headheight is too small (12.0pt): 
(fancyhdr)                Make it at least 17.97171pt, for example:
(fancyhdr)                \setlength{\headheight}{17.97171pt}.
(fancyhdr)                You might also make \topmargin smaller:
(fancyhdr)                \addtolength{\topmargin}{-5.97171pt}.


LaTeX Warning: Reference `LastPage' on page 2 undefined on input line 121.

[2{c:/texlive/2025/texmf-dist/fonts/enc/dvips/cm-super/cm-super-ts1.enc}]


Package fancyhdr Warning: \headheight is too small (12.0pt): 
(fancyhdr)                Make it at least 17.97171pt, for example:
(fancyhdr)                \setlength{\headheight}{17.97171pt}.
(fancyhdr)                You might also make \topmargin smaller:
(fancyhdr)                \addtolength{\topmargin}{-5.97171pt}.


LaTeX Warning: Reference `LastPage' on page 3 undefined on input line 164.

[3]


Package fancyhdr Warning: \headheight is too small (12.0pt): 
(fancyhdr)                Make it at least 17.97171pt, for example:
(fancyhdr)                \setlength{\headheight}{17.97171pt}.
(fancyhdr)                You might also make \topmargin smaller:
(fancyhdr)                \addtolength{\topmargin}{-5.97171pt}.


LaTeX Warning: Reference `LastPage' on page 4 undefined on input line 204.

[4] (c:/texlive/2025/texmf-dist/tex/latex/listings/lstlang1.sty
File: lstlang1.sty 2024/09/23 1.10c listings language file
) (c:/texlive/2025/texmf-dist/tex/latex/listings/lstlang1.sty
File: lstlang1.sty 2024/09/23 1.10c listings language file
)
Overfull \hbox (7.49722pt too wide) in paragraph at lines 226--227
\T5/cmr/m/n/12 To n bë logic HTTP (parse + auth + routing) ^^_÷ñc tªp trung trong method \T5/cmtt/m/n/12 process_request()\T5/cmr/m/n/12 ,
 []




Package fancyhdr Warning: \headheight is too small (12.0pt): 
(fancyhdr)                Make it at least 17.97171pt, for example:
(fancyhdr)                \setlength{\headheight}{17.97171pt}.
(fancyhdr)                You might also make \topmargin smaller:
(fancyhdr)                \addtolength{\topmargin}{-5.97171pt}.


LaTeX Warning: Reference `LastPage' on page 5 undefined on input line 246.

[5]


Package fancyhdr Warning: \headheight is too small (12.0pt): 
(fancyhdr)                Make it at least 17.97171pt, for example:
(fancyhdr)                \setlength{\headheight}{17.97171pt}.
(fancyhdr)                You might also make \topmargin smaller:
(fancyhdr)                \addtolength{\topmargin}{-5.97171pt}.


LaTeX Warning: Reference `LastPage' on page 6 undefined on input line 291.

[6]
Overfull \hbox (30.56335pt too wide) in paragraph at lines 307--308
[]\T5/cmtt/m/n/12 handle_client(conn, addr, routes)\T5/cmr/m/n/12 : Threading mode --- recv() rçi gåi \T5/cmtt/m/n/12 process_request()\T5/cmr/m/n/12 . 
 []


Overfull \hbox (81.37459pt too wide) in paragraph at lines 308--309
[]\T5/cmtt/m/n/12 handle_client_coroutine(reader, writer)\T5/cmr/m/n/12 : Async I/O --- \T5/cmtt/m/n/12 await read() \T5/cmr/m/n/12 rçi gåi \T5/cmtt/m/n/12 process_request()\T5/cmr/m/n/12 . 
 []




Package fancyhdr Warning: \headheight is too small (12.0pt): 
(fancyhdr)                Make it at least 17.97171pt, for example:
(fancyhdr)                \setlength{\headheight}{17.97171pt}.
(fancyhdr)                You might also make \topmargin smaller:
(fancyhdr)                \addtolength{\topmargin}{-5.97171pt}.


LaTeX Warning: Reference `LastPage' on page 7 undefined on input line 340.

[7]
Overfull \hbox (2.49127pt too wide) in paragraph at lines 350--351
\T5/cmr/m/n/12 ChatApp mîi dòng \T5/cmr/bx/n/12 blocking socket \T5/cmr/m/n/12 thay v¼ \T5/cmtt/m/n/12 asyncio.open_connection()\T5/cmr/m/n/12 , v  dòng \T5/cmtt/m/n/12 threading
 []




Package fancyhdr Warning: \headheight is too small (12.0pt): 
(fancyhdr)                Make it at least 17.97171pt, for example:
(fancyhdr)                \setlength{\headheight}{17.97171pt}.
(fancyhdr)                You might also make \topmargin smaller:
(fancyhdr)                \addtolength{\topmargin}{-5.97171pt}.


LaTeX Warning: Reference `LastPage' on page 8 undefined on input line 379.

[8]


Package fancyhdr Warning: \headheight is too small (12.0pt): 
(fancyhdr)                Make it at least 14.49998pt, for example:
(fancyhdr)                \setlength{\headheight}{14.49998pt}.
(fancyhdr)                You might also make \topmargin smaller:
(fancyhdr)                \addtolength{\topmargin}{-2.49998pt}.


LaTeX Warning: Reference `LastPage' on page 9 undefined on input line 425.

[9]

c:/Users/taiko/HCMUT/K252/CO3093_Computer_Networking/BTL/MMT_Assignment1/report_callback.tex:434: LaTeX Error: Invalid UTF-8 byte sequence (â\lst@FillFixed@\lst@EC”).

See the LaTeX manual or LaTeX Companion for explanation.
Type  H <return>  for immediate help.
 ...                                              
                                                  
l.434 â”œâ”€â”€ 
                daemon/
The document does not appear to be in UTF-8 encoding.
Try adding \UseRawInputEncoding as the first line of the file
or specify an encoding such as \usepackage [latin1]{inputenc}
in the document preamble.
Alternatively, save the file in UTF-8 using your editor or another tool


c:/Users/taiko/HCMUT/K252/CO3093_Computer_Networking/BTL/MMT_Assignment1/report_callback.tex:434: LaTeX Error: Invalid UTF-8 byte "9C.

See the LaTeX manual or LaTeX Companion for explanation.
Type  H <return>  for immediate help.
 ...                                              
                                                  
l.434 â”œâ”€â”€ 
                daemon/
The document does not appear to be in UTF-8 encoding.
Try adding \UseRawInputEncoding as the first line of the file
or specify an encoding such as \usepackage [latin1]{inputenc}
in the document preamble.
Alternatively, save the file in UTF-8 using your editor or another tool


c:/Users/taiko/HCMUT/K252/CO3093_Computer_Networking/BTL/MMT_Assignment1/report_callback.tex:434: LaTeX Error: Invalid UTF-8 byte sequence (â\lst@EC”\lst@EC€).

See the LaTeX manual or LaTeX Companion for explanation.
Type  H <return>  for immediate help.
 ...                                              
                                                  
l.434 â”œâ”€â”€ 
                daemon/
The document does not appear to be in UTF-8 encoding.
Try adding \UseRawInputEncoding as the first line of the file
or specify an encoding such as \usepackage [latin1]{inputenc}
in the document preamble.
Alternatively, save the file in UTF-8 using your editor or another tool


c:/Users/taiko/HCMUT/K252/CO3093_Computer_Networking/BTL/MMT_Assignment1/report_callback.tex:434: LaTeX Error: Invalid UTF-8 byte sequence (â\lst@EC”\lst@EC€).

See the LaTeX manual or LaTeX Companion for explanation.
Type  H <return>  for immediate help.
 ...                                              
                                                  
l.434 â”œâ”€â”€ 
                daemon/
The document does not appear to be in UTF-8 encoding.
Try adding \UseRawInputEncoding as the first line of the file
or specify an encoding such as \usepackage [latin1]{inputenc}
in the document preamble.
Alternatively, save the file in UTF-8 using your editor or another tool


c:/Users/taiko/HCMUT/K252/CO3093_Computer_Networking/BTL/MMT_Assignment1/report_callback.tex:435: LaTeX Error: Invalid UTF-8 byte sequence (â\lst@FillFixed@\lst@EC”).

See the LaTeX manual or LaTeX Companion for explanation.
Type  H <return>  for immediate help.
 ...                                              
                                                  
l.435 â”‚ 
            â”œâ”€â”€ eventloop.py     # Custom select() Event Loop (Má»šI)
The document does not appear to be in UTF-8 encoding.
Try adding \UseRawInputEncoding as the first line of the file
or specify an encoding such as \usepackage [latin1]{inputenc}
in the document preamble.
Alternatively, save the file in UTF-8 using your editor or another tool


c:/Users/taiko/HCMUT/K252/CO3093_Computer_Networking/BTL/MMT_Assignment1/report_callback.tex:435: LaTeX Error: Invalid UTF-8 byte "82.

See the LaTeX manual or LaTeX Companion for explanation.
Type  H <return>  for immediate help.
 ...                                              
                                                  
l.435 â”‚ 
            â”œâ”€â”€ eventloop.py     # Custom select() Event Loop (Má»šI)
The document does not appear to be in UTF-8 encoding.
Try adding \UseRawInputEncoding as the first line of the file
or specify an encoding such as \usepackage [latin1]{inputenc}
in the document preamble.
Alternatively, save the file in UTF-8 using your editor or another tool


c:/Users/taiko/HCMUT/K252/CO3093_Computer_Networking/BTL/MMT_Assignment1/report_callback.tex:435: LaTeX Error: Invalid UTF-8 byte sequence (â\lst@FillFixed@\lst@EC”).

See the LaTeX manual or LaTeX Companion for explanation.
Type  H <return>  for immediate help.
 ...                                              
                                                  
l.435 â”‚   â”œâ”€â”€ 
                      eventloop.py     # Custom select() Event Loop (Má»šI)
The document does not appear to be in UTF-8 encoding.
Try adding \UseRawInputEncoding as the first line of the file
or specify an encoding such as \usepackage [latin1]{inputenc}
in the document preamble.
Alternatively, save the file in UTF-8 using your editor or another tool


c:/Users/taiko/HCMUT/K252/CO3093_Computer_Networking/BTL/MMT_Assignment1/report_callback.tex:435: LaTeX Error: Invalid UTF-8 byte "9C.

See the LaTeX manual or LaTeX Companion for explanation.
Type  H <return>  for immediate help.
 ...                                              
                                                  
l.435 â”‚   â”œâ”€â”€ 
                      eventloop.py     # Custom select() Event Loop (Má»šI)
The document does not appear to be in UTF-8 encoding.
Try adding \UseRawInputEncoding as the first line of the file
or specify an encoding such as \usepackage [latin1]{inputenc}
in the document preamble.
Alternatively, save the file in UTF-8 using your editor or another tool


c:/Users/taiko/HCMUT/K252/CO3093_Computer_Networking/BTL/MMT_Assignment1/report_callback.tex:435: LaTeX Error: Invalid UTF-8 byte sequence (â\lst@EC”\lst@EC€).

See the LaTeX manual or LaTeX Companion for explanation.
Type  H <return>  for immediate help.
 ...                                              
                                                  
l.435 â”‚   â”œâ”€â”€ 
                      eventloop.py     # Custom select() Event Loop (Má»šI)
The document does not appear to be in UTF-8 encoding.
Try adding \UseRawInputEncoding as the first line of the file
or specify an encoding such as \usepackage [latin1]{inputenc}
in the document preamble.
Alternatively, save the file in UTF-8 using your editor or another tool


c:/Users/taiko/HCMUT/K252/CO3093_Computer_Networking/BTL/MMT_Assignment1/report_callback.tex:435: LaTeX Error: Invalid UTF-8 byte sequence (â\lst@EC”\lst@EC€).

See the LaTeX manual or LaTeX Companion for explanation.
Type  H <return>  for immediate help.
 ...                                              
                                                  
l.435 â”‚   â”œâ”€â”€ 
                      eventloop.py     # Custom select() Event Loop (Má»šI)
The document does not appear to be in UTF-8 encoding.
Try adding \UseRawInputEncoding as the first line of the file
or specify an encoding such as \usepackage [latin1]{inputenc}
in the document preamble.
Alternatively, save the file in UTF-8 using your editor or another tool


c:/Users/taiko/HCMUT/K252/CO3093_Computer_Networking/BTL/MMT_Assignment1/report_callback.tex:435: LaTeX Error: Invalid UTF-8 byte sequence (á\expandafter\lst@FillFixed@).

See the LaTeX manual or LaTeX Companion for explanation.
Type  H <return>  for immediate help.
 ...                                              
                                                  
l.435 ...     # Custom select() Event Loop (Má»šI)
                                                  
The document does not appear to be in UTF-8 encoding.
Try adding \UseRawInputEncoding as the first line of the file
or specify an encoding such as \usepackage [latin1]{inputenc}
in the document preamble.
Alternatively, save the file in UTF-8 using your editor or another tool


c:/Users/taiko/HCMUT/K252/CO3093_Computer_Networking/BTL/MMT_Assignment1/report_callback.tex:435: LaTeX Error: Invalid UTF-8 byte "BB.

See the LaTeX manual or LaTeX Companion for explanation.
Type  H <return>  for immediate help.
 ...                                              
                                                  
l.435 ...     # Custom select() Event Loop (Má»šI)
                                                  
The document does not appear to be in UTF-8 encoding.
Try adding \UseRawInputEncoding as the first line of the file
or specify an encoding such as \usepackage [latin1]{inputenc}
in the document preamble.
Alternatively, save the file in UTF-8 using your editor or another tool


c:/Users/taiko/HCMUT/K252/CO3093_Computer_Networking/BTL/MMT_Assignment1/report_callback.tex:435: LaTeX Error: Invalid UTF-8 byte "9A.

See the LaTeX manual or LaTeX Companion for explanation.
Type  H <return>  for immediate help.
 ...                                              
                                                  
l.435 ...     # Custom select() Event Loop (Má»šI)
                                                  
The document does not appear to be in UTF-8 encoding.
Try adding \UseRawInputEncoding as the first line of the file
or specify an encoding such as \usepackage [latin1]{inputenc}
in the document preamble.
Alternatively, save the file in UTF-8 using your editor or another tool


c:/Users/taiko/HCMUT/K252/CO3093_Computer_Networking/BTL/MMT_Assignment1/report_callback.tex:436: LaTeX Error: Invalid UTF-8 byte sequence (â\lst@FillFixed@\lst@EC”).

See the LaTeX manual or LaTeX Companion for explanation.
Type  H <return>  for immediate help.
 ...                                              
                                                  
l.436 â”‚ 
            â”œâ”€â”€ backend.py       # 3 mode: threading / callback
The document does not appear to be in UTF-8 encoding.
Try adding \UseRawInputEncoding as the first line of the file
or specify an encoding such as \usepackage [latin1]{inputenc}
in the document preamble.
Alternatively, save the file in UTF-8 using your editor or another tool


c:/Users/taiko/HCMUT/K252/CO3093_Computer_Networking/BTL/MMT_Assignment1/report_callback.tex:436: LaTeX Error: Invalid UTF-8 byte "82.

See the LaTeX manual or LaTeX Companion for explanation.
Type  H <return>  for immediate help.
 ...                                              
                                                  
l.436 â”‚ 
            â”œâ”€â”€ backend.py       # 3 mode: threading / callback
The document does not appear to be in UTF-8 encoding.
Try adding \UseRawInputEncoding as the first line of the file
or specify an encoding such as \usepackage [latin1]{inputenc}
in the document preamble.
Alternatively, save the file in UTF-8 using your editor or another tool


c:/Users/taiko/HCMUT/K252/CO3093_Computer_Networking/BTL/MMT_Assignment1/report_callback.tex:436: LaTeX Error: Invalid UTF-8 byte sequence (â\lst@FillFixed@\lst@EC”).

See the LaTeX manual or LaTeX Companion for explanation.
Type  H <return>  for immediate help.
 ...                                              
                                                  
l.436 â”‚   â”œâ”€â”€ 
                      backend.py       # 3 mode: threading / callback
The document does not appear to be in UTF-8 encoding.
Try adding \UseRawInputEncoding as the first line of the file
or specify an encoding such as \usepackage [latin1]{inputenc}
in the document preamble.
Alternatively, save the file in UTF-8 using your editor or another tool


c:/Users/taiko/HCMUT/K252/CO3093_Computer_Networking/BTL/MMT_Assignment1/report_callback.tex:436: LaTeX Error: Invalid UTF-8 byte "9C.

See the LaTeX manual or LaTeX Companion for explanation.
Type  H <return>  for immediate help.
 ...                                              
                                                  
l.436 â”‚   â”œâ”€â”€ 
                      backend.py       # 3 mode: threading / callback
The document does not appear to be in UTF-8 encoding.
Try adding \UseRawInputEncoding as the first line of the file
or specify an encoding such as \usepackage [latin1]{inputenc}
in the document preamble.
Alternatively, save the file in UTF-8 using your editor or another tool


c:/Users/taiko/HCMUT/K252/CO3093_Computer_Networking/BTL/MMT_Assignment1/report_callback.tex:436: LaTeX Error: Invalid UTF-8 byte sequence (â\lst@EC”\lst@EC€).

See the LaTeX manual or LaTeX Companion for explanation.
Type  H <return>  for immediate help.
 ...                                              
                                                  
l.436 â”‚   â”œâ”€â”€ 
                      backend.py       # 3 mode: threading / callback
The document does not appear to be in UTF-8 encoding.
Try adding \UseRawInputEncoding as the first line of the file
or specify an encoding such as \usepackage [latin1]{inputenc}
in the document preamble.
Alternatively, save the file in UTF-8 using your editor or another tool


c:/Users/taiko/HCMUT/K252/CO3093_Computer_Networking/BTL/MMT_Assignment1/report_callback.tex:436: LaTeX Error: Invalid UTF-8 byte sequence (â\lst@EC”\lst@EC€).

See the LaTeX manual or LaTeX Companion for explanation.
Type  H <return>  for immediate help.
 ...                                              
                                                  
l.436 â”‚   â”œâ”€â”€ 
                      backend.py       # 3 mode: threading / callback
The document does not appear to be in UTF-8 encoding.
Try adding \UseRawInputEncoding as the first line of the file
or specify an encoding such as \usepackage [latin1]{inputenc}
in the document preamble.
Alternatively, save the file in UTF-8 using your editor or another tool


c:/Users/taiko/HCMUT/K252/CO3093_Computer_Networking/BTL/MMT_Assignment1/report_callback.tex:437: LaTeX Error: Invalid UTF-8 byte sequence (â\lst@FillFixed@\lst@EC”).

See the LaTeX manual or LaTeX Companion for explanation.
Type  H <return>  for immediate help.
 ...                                              
                                                  
l.437 â”‚ 
            â”œâ”€â”€ httpadapter.py   # process_request() dung chung
The document does not appear to be in UTF-8 encoding.
Try adding \UseRawInputEncoding as the first line of the file
or specify an encoding such as \usepackage [latin1]{inputenc}
in the document preamble.
Alternatively, save the file in UTF-8 using your editor or another tool


c:/Users/taiko/HCMUT/K252/CO3093_Computer_Networking/BTL/MMT_Assignment1/report_callback.tex:437: LaTeX Error: Invalid UTF-8 byte "82.

See the LaTeX manual or LaTeX Companion for explanation.
Type  H <return>  for immediate help.
 ...                                              
                                                  
l.437 â”‚ 
            â”œâ”€â”€ httpadapter.py   # process_request() dung chung
The document does not appear to be in UTF-8 encoding.
Try adding \UseRawInputEncoding as the first line of the file
or specify an encoding such as \usepackage [latin1]{inputenc}
in the document preamble.
Alternatively, save the file in UTF-8 using your editor or another tool


c:/Users/taiko/HCMUT/K252/CO3093_Computer_Networking/BTL/MMT_Assignment1/report_callback.tex:437: LaTeX Error: Invalid UTF-8 byte sequence (â\lst@FillFixed@\lst@EC”).

See the LaTeX manual or LaTeX Companion for explanation.
Type  H <return>  for immediate help.
 ...                                              
                                                  
l.437 â”‚   â”œâ”€â”€ 
                      httpadapter.py   # process_request() dung chung
The document does not appear to be in UTF-8 encoding.
Try adding \UseRawInputEncoding as the first line of the file
or specify an encoding such as \usepackage [latin1]{inputenc}
in the document preamble.
Alternatively, save the file in UTF-8 using your editor or another tool


c:/Users/taiko/HCMUT/K252/CO3093_Computer_Networking/BTL/MMT_Assignment1/report_callback.tex:437: LaTeX Error: Invalid UTF-8 byte "9C.

See the LaTeX manual or LaTeX Companion for explanation.
Type  H <return>  for immediate help.
 ...                                              
                                                  
l.437 â”‚   â”œâ”€â”€ 
                      httpadapter.py   # process_request() dung chung
The document does not appear to be in UTF-8 encoding.
Try adding \UseRawInputEncoding as the first line of the file
or specify an encoding such as \usepackage [latin1]{inputenc}
in the document preamble.
Alternatively, save the file in UTF-8 using your editor or another tool


c:/Users/taiko/HCMUT/K252/CO3093_Computer_Networking/BTL/MMT_Assignment1/report_callback.tex:437: LaTeX Error: Invalid UTF-8 byte sequence (â\lst@EC”\lst@EC€).

See the LaTeX manual or LaTeX Companion for explanation.
Type  H <return>  for immediate help.
 ...                                              
                                                  
l.437 â”‚   â”œâ”€â”€ 
                      httpadapter.py   # process_request() dung chung
The document does not appear to be in UTF-8 encoding.
Try adding \UseRawInputEncoding as the first line of the file
or specify an encoding such as \usepackage [latin1]{inputenc}
in the document preamble.
Alternatively, save the file in UTF-8 using your editor or another tool


c:/Users/taiko/HCMUT/K252/CO3093_Computer_Networking/BTL/MMT_Assignment1/report_callback.tex:437: LaTeX Error: Invalid UTF-8 byte sequence (â\lst@EC”\lst@EC€).

See the LaTeX manual or LaTeX Companion for explanation.
Type  H <return>  for immediate help.
 ...                                              
                                                  
l.437 â”‚   â”œâ”€â”€ 
                      httpadapter.py   # process_request() dung chung
The document does not appear to be in UTF-8 encoding.
Try adding \UseRawInputEncoding as the first line of the file
or specify an encoding such as \usepackage [latin1]{inputenc}
in the document preamble.
Alternatively, save the file in UTF-8 using your editor or another tool


c:/Users/taiko/HCMUT/K252/CO3093_Computer_Networking/BTL/MMT_Assignment1/report_callback.tex:438: LaTeX Error: Invalid UTF-8 byte sequence (â\lst@FillFixed@\lst@EC”).

See the LaTeX manual or LaTeX Companion for explanation.
Type  H <return>  for immediate help.
 ...                                              
                                                  
l.438 â”‚ 
            â”œâ”€â”€ request.py       # HTTP parser
The document does not appear to be in UTF-8 encoding.
Try adding \UseRawInputEncoding as the first line of the file
or specify an encoding such as \usepackage [latin1]{inputenc}
in the document preamble.
Alternatively, save the file in UTF-8 using your editor or another tool


c:/Users/taiko/HCMUT/K252/CO3093_Computer_Networking/BTL/MMT_Assignment1/report_callback.tex:438: LaTeX Error: Invalid UTF-8 byte "82.

See the LaTeX manual or LaTeX Companion for explanation.
Type  H <return>  for immediate help.
 ...                                              
                                                  
l.438 â”‚ 
            â”œâ”€â”€ request.py       # HTTP parser
The document does not appear to be in UTF-8 encoding.
Try adding \UseRawInputEncoding as the first line of the file
or specify an encoding such as \usepackage [latin1]{inputenc}
in the document preamble.
Alternatively, save the file in UTF-8 using your editor or another tool


c:/Users/taiko/HCMUT/K252/CO3093_Computer_Networking/BTL/MMT_Assignment1/report_callback.tex:438: LaTeX Error: Invalid UTF-8 byte sequence (â\lst@FillFixed@\lst@EC”).

See the LaTeX manual or LaTeX Companion for explanation.
Type  H <return>  for immediate help.
 ...                                              
                                                  
l.438 â”‚   â”œâ”€â”€ 
                      request.py       # HTTP parser
The document does not appear to be in UTF-8 encoding.
Try adding \UseRawInputEncoding as the first line of the file
or specify an encoding such as \usepackage [latin1]{inputenc}
in the document preamble.
Alternatively, save the file in UTF-8 using your editor or another tool


c:/Users/taiko/HCMUT/K252/CO3093_Computer_Networking/BTL/MMT_Assignment1/report_callback.tex:438: LaTeX Error: Invalid UTF-8 byte "9C.

See the LaTeX manual or LaTeX Companion for explanation.
Type  H <return>  for immediate help.
 ...                                              
                                                  
l.438 â”‚   â”œâ”€â”€ 
                      request.py       # HTTP parser
The document does not appear to be in UTF-8 encoding.
Try adding \UseRawInputEncoding as the first line of the file
or specify an encoding such as \usepackage [latin1]{inputenc}
in the document preamble.
Alternatively, save the file in UTF-8 using your editor or another tool


c:/Users/taiko/HCMUT/K252/CO3093_Computer_Networking/BTL/MMT_Assignment1/report_callback.tex:438: LaTeX Error: Invalid UTF-8 byte sequence (â\lst@EC”\lst@EC€).

See the LaTeX manual or LaTeX Companion for explanation.
Type  H <return>  for immediate help.
 ...                                              
                                                  
l.438 â”‚   â”œâ”€â”€ 
                      request.py       # HTTP parser
The document does not appear to be in UTF-8 encoding.
Try adding \UseRawInputEncoding as the first line of the file
or specify an encoding such as \usepackage [latin1]{inputenc}
in the document preamble.
Alternatively, save the file in UTF-8 using your editor or another tool


c:/Users/taiko/HCMUT/K252/CO3093_Computer_Networking/BTL/MMT_Assignment1/report_callback.tex:438: LaTeX Error: Invalid UTF-8 byte sequence (â\lst@EC”\lst@EC€).

See the LaTeX manual or LaTeX Companion for explanation.
Type  H <return>  for immediate help.
 ...                                              
                                                  
l.438 â”‚   â”œâ”€â”€ 
                      request.py       # HTTP parser
The document does not appear to be in UTF-8 encoding.
Try adding \UseRawInputEncoding as the first line of the file
or specify an encoding such as \usepackage [latin1]{inputenc}
in the document preamble.
Alternatively, save the file in UTF-8 using your editor or another tool


c:/Users/taiko/HCMUT/K252/CO3093_Computer_Networking/BTL/MMT_Assignment1/report_callback.tex:439: LaTeX Error: Invalid UTF-8 byte sequence (â\lst@FillFixed@\lst@EC”).

See the LaTeX manual or LaTeX Companion for explanation.
Type  H <return>  for immediate help.
 ...                                              
                                                  
l.439 â”‚ 
            â”œâ”€â”€ response.py      # HTTP response builder
The document does not appear to be in UTF-8 encoding.
Try adding \UseRawInputEncoding as the first line of the file
or specify an encoding such as \usepackage [latin1]{inputenc}
in the document preamble.
Alternatively, save the file in UTF-8 using your editor or another tool


c:/Users/taiko/HCMUT/K252/CO3093_Computer_Networking/BTL/MMT_Assignment1/report_callback.tex:439: LaTeX Error: Invalid UTF-8 byte "82.

See the LaTeX manual or LaTeX Companion for explanation.
Type  H <return>  for immediate help.
 ...                                              
                                                  
l.439 â”‚ 
            â”œâ”€â”€ response.py      # HTTP response builder
The document does not appear to be in UTF-8 encoding.
Try adding \UseRawInputEncoding as the first line of the file
or specify an encoding such as \usepackage [latin1]{inputenc}
in the document preamble.
Alternatively, save the file in UTF-8 using your editor or another tool


c:/Users/taiko/HCMUT/K252/CO3093_Computer_Networking/BTL/MMT_Assignment1/report_callback.tex:439: LaTeX Error: Invalid UTF-8 byte sequence (â\lst@FillFixed@\lst@EC”).

See the LaTeX manual or LaTeX Companion for explanation.
Type  H <return>  for immediate help.
 ...                                              
                                                  
l.439 â”‚   â”œâ”€â”€ 
                      response.py      # HTTP response builder
The document does not appear to be in UTF-8 encoding.
Try adding \UseRawInputEncoding as the first line of the file
or specify an encoding such as \usepackage [latin1]{inputenc}
in the document preamble.
Alternatively, save the file in UTF-8 using your editor or another tool


c:/Users/taiko/HCMUT/K252/CO3093_Computer_Networking/BTL/MMT_Assignment1/report_callback.tex:439: LaTeX Error: Invalid UTF-8 byte "9C.

See the LaTeX manual or LaTeX Companion for explanation.
Type  H <return>  for immediate help.
 ...                                              
                                                  
l.439 â”‚   â”œâ”€â”€ 
                      response.py      # HTTP response builder
The document does not appear to be in UTF-8 encoding.
Try adding \UseRawInputEncoding as the first line of the file
or specify an encoding such as \usepackage [latin1]{inputenc}
in the document preamble.
Alternatively, save the file in UTF-8 using your editor or another tool


c:/Users/taiko/HCMUT/K252/CO3093_Computer_Networking/BTL/MMT_Assignment1/report_callback.tex:439: LaTeX Error: Invalid UTF-8 byte sequence (â\lst@EC”\lst@EC€).

See the LaTeX manual or LaTeX Companion for explanation.
Type  H <return>  for immediate help.
 ...                                              
                                                  
l.439 â”‚   â”œâ”€â”€ 
                      response.py      # HTTP response builder
The document does not appear to be in UTF-8 encoding.
Try adding \UseRawInputEncoding as the first line of the file
or specify an encoding such as \usepackage [latin1]{inputenc}
in the document preamble.
Alternatively, save the file in UTF-8 using your editor or another tool


c:/Users/taiko/HCMUT/K252/CO3093_Computer_Networking/BTL/MMT_Assignment1/report_callback.tex:439: LaTeX Error: Invalid UTF-8 byte sequence (â\lst@EC”\lst@EC€).

See the LaTeX manual or LaTeX Companion for explanation.
Type  H <return>  for immediate help.
 ...                                              
                                                  
l.439 â”‚   â”œâ”€â”€ 
                      response.py      # HTTP response builder
The document does not appear to be in UTF-8 encoding.
Try adding \UseRawInputEncoding as the first line of the file
or specify an encoding such as \usepackage [latin1]{inputenc}
in the document preamble.
Alternatively, save the file in UTF-8 using your editor or another tool


c:/Users/taiko/HCMUT/K252/CO3093_Computer_Networking/BTL/MMT_Assignment1/report_callback.tex:440: LaTeX Error: Invalid UTF-8 byte sequence (â\lst@FillFixed@\lst@EC”).

See the LaTeX manual or LaTeX Companion for explanation.
Type  H <return>  for immediate help.
 ...                                              
                                                  
l.440 â”‚ 
            â”œâ”€â”€ asynaprous.py    # Micro-framework routing (khong asyn...
The document does not appear to be in UTF-8 encoding.
Try adding \UseRawInputEncoding as the first line of the file
or specify an encoding such as \usepackage [latin1]{inputenc}
in the document preamble.
Alternatively, save the file in UTF-8 using your editor or another tool


c:/Users/taiko/HCMUT/K252/CO3093_Computer_Networking/BTL/MMT_Assignment1/report_callback.tex:440: LaTeX Error: Invalid UTF-8 byte "82.

See the LaTeX manual or LaTeX Companion for explanation.
Type  H <return>  for immediate help.
 ...                                              
                                                  
l.440 â”‚ 
            â”œâ”€â”€ asynaprous.py    # Micro-framework routing (khong asyn...
The document does not appear to be in UTF-8 encoding.
Try adding \UseRawInputEncoding as the first line of the file
or specify an encoding such as \usepackage [latin1]{inputenc}
in the document preamble.
Alternatively, save the file in UTF-8 using your editor or another tool


c:/Users/taiko/HCMUT/K252/CO3093_Computer_Networking/BTL/MMT_Assignment1/report_callback.tex:440: LaTeX Error: Invalid UTF-8 byte sequence (â\lst@FillFixed@\lst@EC”).

See the LaTeX manual or LaTeX Companion for explanation.
Type  H <return>  for immediate help.
 ...                                              
                                                  
l.440 â”‚   â”œâ”€â”€ 
                      asynaprous.py    # Micro-framework routing (khong asyn...
The document does not appear to be in UTF-8 encoding.
Try adding \UseRawInputEncoding as the first line of the file
or specify an encoding such as \usepackage [latin1]{inputenc}
in the document preamble.
Alternatively, save the file in UTF-8 using your editor or another tool


c:/Users/taiko/HCMUT/K252/CO3093_Computer_Networking/BTL/MMT_Assignment1/report_callback.tex:440: LaTeX Error: Invalid UTF-8 byte "9C.

See the LaTeX manual or LaTeX Companion for explanation.
Type  H <return>  for immediate help.
 ...                                              
                                                  
l.440 â”‚   â”œâ”€â”€ 
                      asynaprous.py    # Micro-framework routing (khong asyn...
The document does not appear to be in UTF-8 encoding.
Try adding \UseRawInputEncoding as the first line of the file
or specify an encoding such as \usepackage [latin1]{inputenc}
in the document preamble.
Alternatively, save the file in UTF-8 using your editor or another tool


c:/Users/taiko/HCMUT/K252/CO3093_Computer_Networking/BTL/MMT_Assignment1/report_callback.tex:440: LaTeX Error: Invalid UTF-8 byte sequence (â\lst@EC”\lst@EC€).

See the LaTeX manual or LaTeX Companion for explanation.
Type  H <return>  for immediate help.
 ...                                              
                                                  
l.440 â”‚   â”œâ”€â”€ 
                      asynaprous.py    # Micro-framework routing (khong asyn...
The document does not appear to be in UTF-8 encoding.
Try adding \UseRawInputEncoding as the first line of the file
or specify an encoding such as \usepackage [latin1]{inputenc}
in the document preamble.
Alternatively, save the file in UTF-8 using your editor or another tool


c:/Users/taiko/HCMUT/K252/CO3093_Computer_Networking/BTL/MMT_Assignment1/report_callback.tex:440: LaTeX Error: Invalid UTF-8 byte sequence (â\lst@EC”\lst@EC€).

See the LaTeX manual or LaTeX Companion for explanation.
Type  H <return>  for immediate help.
 ...                                              
                                                  
l.440 â”‚   â”œâ”€â”€ 
                      asynaprous.py    # Micro-framework routing (khong asyn...
The document does not appear to be in UTF-8 encoding.
Try adding \UseRawInputEncoding as the first line of the file
or specify an encoding such as \usepackage [latin1]{inputenc}
in the document preamble.
Alternatively, save the file in UTF-8 using your editor or another tool


c:/Users/taiko/HCMUT/K252/CO3093_Computer_Networking/BTL/MMT_Assignment1/report_callback.tex:441: LaTeX Error: Invalid UTF-8 byte sequence (â\lst@FillFixed@\lst@EC”).

See the LaTeX manual or LaTeX Companion for explanation.
Type  H <return>  for immediate help.
 ...                                              
                                                  
l.441 â”‚ 
            â””â”€â”€ api.py           # API handlers
The document does not appear to be in UTF-8 encoding.
Try adding \UseRawInputEncoding as the first line of the file
or specify an encoding such as \usepackage [latin1]{inputenc}
in the document preamble.
Alternatively, save the file in UTF-8 using your editor or another tool


c:/Users/taiko/HCMUT/K252/CO3093_Computer_Networking/BTL/MMT_Assignment1/report_callback.tex:441: LaTeX Error: Invalid UTF-8 byte "82.

See the LaTeX manual or LaTeX Companion for explanation.
Type  H <return>  for immediate help.
 ...                                              
                                                  
l.441 â”‚ 
            â””â”€â”€ api.py           # API handlers
The document does not appear to be in UTF-8 encoding.
Try adding \UseRawInputEncoding as the first line of the file
or specify an encoding such as \usepackage [latin1]{inputenc}
in the document preamble.
Alternatively, save the file in UTF-8 using your editor or another tool


c:/Users/taiko/HCMUT/K252/CO3093_Computer_Networking/BTL/MMT_Assignment1/report_callback.tex:441: LaTeX Error: Invalid UTF-8 byte sequence (â\lst@FillFixed@\lst@EC”).

See the LaTeX manual or LaTeX Companion for explanation.
Type  H <return>  for immediate help.
 ...                                              
                                                  
l.441 â”‚   â””â”€â”€ 
                      api.py           # API handlers
The document does not appear to be in UTF-8 encoding.
Try adding \UseRawInputEncoding as the first line of the file
or specify an encoding such as \usepackage [latin1]{inputenc}
in the document preamble.
Alternatively, save the file in UTF-8 using your editor or another tool


c:/Users/taiko/HCMUT/K252/CO3093_Computer_Networking/BTL/MMT_Assignment1/report_callback.tex:441: LaTeX Error: Invalid UTF-8 byte "94.

See the LaTeX manual or LaTeX Companion for explanation.
Type  H <return>  for immediate help.
 ...                                              
                                                  
l.441 â”‚   â””â”€â”€ 
                      api.py           # API handlers
The document does not appear to be in UTF-8 encoding.
Try adding \UseRawInputEncoding as the first line of the file
or specify an encoding such as \usepackage [latin1]{inputenc}
in the document preamble.
Alternatively, save the file in UTF-8 using your editor or another tool


c:/Users/taiko/HCMUT/K252/CO3093_Computer_Networking/BTL/MMT_Assignment1/report_callback.tex:441: LaTeX Error: Invalid UTF-8 byte sequence (â\lst@EC”\lst@EC€).

See the LaTeX manual or LaTeX Companion for explanation.
Type  H <return>  for immediate help.
 ...                                              
                                                  
l.441 â”‚   â””â”€â”€ 
                      api.py           # API handlers
The document does not appear to be in UTF-8 encoding.
Try adding \UseRawInputEncoding as the first line of the file
or specify an encoding such as \usepackage [latin1]{inputenc}
in the document preamble.
Alternatively, save the file in UTF-8 using your editor or another tool


c:/Users/taiko/HCMUT/K252/CO3093_Computer_Networking/BTL/MMT_Assignment1/report_callback.tex:441: LaTeX Error: Invalid UTF-8 byte sequence (â\lst@EC”\lst@EC€).

See the LaTeX manual or LaTeX Companion for explanation.
Type  H <return>  for immediate help.
 ...                                              
                                                  
l.441 â”‚   â””â”€â”€ 
                      api.py           # API handlers
The document does not appear to be in UTF-8 encoding.
Try adding \UseRawInputEncoding as the first line of the file
or specify an encoding such as \usepackage [latin1]{inputenc}
in the document preamble.
Alternatively, save the file in UTF-8 using your editor or another tool


c:/Users/taiko/HCMUT/K252/CO3093_Computer_Networking/BTL/MMT_Assignment1/report_callback.tex:442: LaTeX Error: Invalid UTF-8 byte sequence (â\lst@FillFixed@\lst@EC”).

See the LaTeX manual or LaTeX Companion for explanation.
Type  H <return>  for immediate help.
 ...                                              
                                                  
l.442 â”œâ”€â”€ 
                apps/
The document does not appear to be in UTF-8 encoding.
Try adding \UseRawInputEncoding as the first line of the file
or specify an encoding such as \usepackage [latin1]{inputenc}
in the document preamble.
Alternatively, save the file in UTF-8 using your editor or another tool


c:/Users/taiko/HCMUT/K252/CO3093_Computer_Networking/BTL/MMT_Assignment1/report_callback.tex:442: LaTeX Error: Invalid UTF-8 byte "9C.

See the LaTeX manual or LaTeX Companion for explanation.
Type  H <return>  for immediate help.
 ...                                              
                                                  
l.442 â”œâ”€â”€ 
                apps/
The document does not appear to be in UTF-8 encoding.
Try adding \UseRawInputEncoding as the first line of the file
or specify an encoding such as \usepackage [latin1]{inputenc}
in the document preamble.
Alternatively, save the file in UTF-8 using your editor or another tool


c:/Users/taiko/HCMUT/K252/CO3093_Computer_Networking/BTL/MMT_Assignment1/report_callback.tex:442: LaTeX Error: Invalid UTF-8 byte sequence (â\lst@EC”\lst@EC€).

See the LaTeX manual or LaTeX Companion for explanation.
Type  H <return>  for immediate help.
 ...                                              
                                                  
l.442 â”œâ”€â”€ 
                apps/
The document does not appear to be in UTF-8 encoding.
Try adding \UseRawInputEncoding as the first line of the file
or specify an encoding such as \usepackage [latin1]{inputenc}
in the document preamble.
Alternatively, save the file in UTF-8 using your editor or another tool


c:/Users/taiko/HCMUT/K252/CO3093_Computer_Networking/BTL/MMT_Assignment1/report_callback.tex:442: LaTeX Error: Invalid UTF-8 byte sequence (â\lst@EC”\lst@EC€).

See the LaTeX manual or LaTeX Companion for explanation.
Type  H <return>  for immediate help.
 ...                                              
                                                  
l.442 â”œâ”€â”€ 
                apps/
The document does not appear to be in UTF-8 encoding.
Try adding \UseRawInputEncoding as the first line of the file
or specify an encoding such as \usepackage [latin1]{inputenc}
in the document preamble.
Alternatively, save the file in UTF-8 using your editor or another tool


c:/Users/taiko/HCMUT/K252/CO3093_Computer_Networking/BTL/MMT_Assignment1/report_callback.tex:443: LaTeX Error: Invalid UTF-8 byte sequence (â\lst@FillFixed@\lst@EC”).

See the LaTeX manual or LaTeX Companion for explanation.
Type  H <return>  for immediate help.
 ...                                              
                                                  
l.443 â”‚ 
            â”œâ”€â”€ chatapp.py       # P2P chat (sync socket + threading)
The document does not appear to be in UTF-8 encoding.
Try adding \UseRawInputEncoding as the first line of the file
or specify an encoding such as \usepackage [latin1]{inputenc}
in the document preamble.
Alternatively, save the file in UTF-8 using your editor or another tool


c:/Users/taiko/HCMUT/K252/CO3093_Computer_Networking/BTL/MMT_Assignment1/report_callback.tex:443: LaTeX Error: Invalid UTF-8 byte "82.

See the LaTeX manual or LaTeX Companion for explanation.
Type  H <return>  for immediate help.
 ...                                              
                                                  
l.443 â”‚ 
            â”œâ”€â”€ chatapp.py       # P2P chat (sync socket + threading)
The document does not appear to be in UTF-8 encoding.
Try adding \UseRawInputEncoding as the first line of the file
or specify an encoding such as \usepackage [latin1]{inputenc}
in the document preamble.
Alternatively, save the file in UTF-8 using your editor or another tool


c:/Users/taiko/HCMUT/K252/CO3093_Computer_Networking/BTL/MMT_Assignment1/report_callback.tex:443: LaTeX Error: Invalid UTF-8 byte sequence (â\lst@FillFixed@\lst@EC”).

See the LaTeX manual or LaTeX Companion for explanation.
Type  H <return>  for immediate help.
 ...                                              
                                                  
l.443 â”‚   â”œâ”€â”€ 
                      chatapp.py       # P2P chat (sync socket + threading)
The document does not appear to be in UTF-8 encoding.
Try adding \UseRawInputEncoding as the first line of the file
or specify an encoding such as \usepackage [latin1]{inputenc}
in the document preamble.
Alternatively, save the file in UTF-8 using your editor or another tool


c:/Users/taiko/HCMUT/K252/CO3093_Computer_Networking/BTL/MMT_Assignment1/report_callback.tex:443: LaTeX Error: Invalid UTF-8 byte "9C.

See the LaTeX manual or LaTeX Companion for explanation.
Type  H <return>  for immediate help.
 ...                                              
                                                  
l.443 â”‚   â”œâ”€â”€ 
                      chatapp.py       # P2P chat (sync socket + threading)
The document does not appear to be in UTF-8 encoding.
Try adding \UseRawInputEncoding as the first line of the file
or specify an encoding such as \usepackage [latin1]{inputenc}
in the document preamble.
Alternatively, save the file in UTF-8 using your editor or another tool


c:/Users/taiko/HCMUT/K252/CO3093_Computer_Networking/BTL/MMT_Assignment1/report_callback.tex:443: LaTeX Error: Invalid UTF-8 byte sequence (â\lst@EC”\lst@EC€).

See the LaTeX manual or LaTeX Companion for explanation.
Type  H <return>  for immediate help.
 ...                                              
                                                  
l.443 â”‚   â”œâ”€â”€ 
                      chatapp.py       # P2P chat (sync socket + threading)
The document does not appear to be in UTF-8 encoding.
Try adding \UseRawInputEncoding as the first line of the file
or specify an encoding such as \usepackage [latin1]{inputenc}
in the document preamble.
Alternatively, save the file in UTF-8 using your editor or another tool


c:/Users/taiko/HCMUT/K252/CO3093_Computer_Networking/BTL/MMT_Assignment1/report_callback.tex:443: LaTeX Error: Invalid UTF-8 byte sequence (â\lst@EC”\lst@EC€).

See the LaTeX manual or LaTeX Companion for explanation.
Type  H <return>  for immediate help.
 ...                                              
                                                  
l.443 â”‚   â”œâ”€â”€ 
                      chatapp.py       # P2P chat (sync socket + threading)
The document does not appear to be in UTF-8 encoding.
Try adding \UseRawInputEncoding as the first line of the file
or specify an encoding such as \usepackage [latin1]{inputenc}
in the document preamble.
Alternatively, save the file in UTF-8 using your editor or another tool


c:/Users/taiko/HCMUT/K252/CO3093_Computer_Networking/BTL/MMT_Assignment1/report_callback.tex:444: LaTeX Error: Invalid UTF-8 byte sequence (â\lst@FillFixed@\lst@EC”).

See the LaTeX manual or LaTeX Companion for explanation.
Type  H <return>  for immediate help.
 ...                                              
                                                  
l.444 â”‚ 
            â””â”€â”€ trackerapp.py    # Peer registry
The document does not appear to be in UTF-8 encoding.
Try adding \UseRawInputEncoding as the first line of the file
or specify an encoding such as \usepackage [latin1]{inputenc}
in the document preamble.
Alternatively, save the file in UTF-8 using your editor or another tool


c:/Users/taiko/HCMUT/K252/CO3093_Computer_Networking/BTL/MMT_Assignment1/report_callback.tex:444: LaTeX Error: Invalid UTF-8 byte "82.

See the LaTeX manual or LaTeX Companion for explanation.
Type  H <return>  for immediate help.
 ...                                              
                                                  
l.444 â”‚ 
            â””â”€â”€ trackerapp.py    # Peer registry
The document does not appear to be in UTF-8 encoding.
Try adding \UseRawInputEncoding as the first line of the file
or specify an encoding such as \usepackage [latin1]{inputenc}
in the document preamble.
Alternatively, save the file in UTF-8 using your editor or another tool


c:/Users/taiko/HCMUT/K252/CO3093_Computer_Networking/BTL/MMT_Assignment1/report_callback.tex:444: LaTeX Error: Invalid UTF-8 byte sequence (â\lst@FillFixed@\lst@EC”).

See the LaTeX manual or LaTeX Companion for explanation.
Type  H <return>  for immediate help.
 ...                                              
                                                  
l.444 â”‚   â””â”€â”€ 
                      trackerapp.py    # Peer registry
The document does not appear to be in UTF-8 encoding.
Try adding \UseRawInputEncoding as the first line of the file
or specify an encoding such as \usepackage [latin1]{inputenc}
in the document preamble.
Alternatively, save the file in UTF-8 using your editor or another tool


c:/Users/taiko/HCMUT/K252/CO3093_Computer_Networking/BTL/MMT_Assignment1/report_callback.tex:444: LaTeX Error: Invalid UTF-8 byte "94.

See the LaTeX manual or LaTeX Companion for explanation.
Type  H <return>  for immediate help.
 ...                                              
                                                  
l.444 â”‚   â””â”€â”€ 
                      trackerapp.py    # Peer registry
The document does not appear to be in UTF-8 encoding.
Try adding \UseRawInputEncoding as the first line of the file
or specify an encoding such as \usepackage [latin1]{inputenc}
in the document preamble.
Alternatively, save the file in UTF-8 using your editor or another tool


c:/Users/taiko/HCMUT/K252/CO3093_Computer_Networking/BTL/MMT_Assignment1/report_callback.tex:444: LaTeX Error: Invalid UTF-8 byte sequence (â\lst@EC”\lst@EC€).

See the LaTeX manual or LaTeX Companion for explanation.
Type  H <return>  for immediate help.
 ...                                              
                                                  
l.444 â”‚   â””â”€â”€ 
                      trackerapp.py    # Peer registry
The document does not appear to be in UTF-8 encoding.
Try adding \UseRawInputEncoding as the first line of the file
or specify an encoding such as \usepackage [latin1]{inputenc}
in the document preamble.
Alternatively, save the file in UTF-8 using your editor or another tool


c:/Users/taiko/HCMUT/K252/CO3093_Computer_Networking/BTL/MMT_Assignment1/report_callback.tex:444: LaTeX Error: Invalid UTF-8 byte sequence (â\lst@EC”\lst@EC€).

See the LaTeX manual or LaTeX Companion for explanation.
Type  H <return>  for immediate help.
 ...                                              
                                                  
l.444 â”‚   â””â”€â”€ 
                      trackerapp.py    # Peer registry
The document does not appear to be in UTF-8 encoding.
Try adding \UseRawInputEncoding as the first line of the file
or specify an encoding such as \usepackage [latin1]{inputenc}
in the document preamble.
Alternatively, save the file in UTF-8 using your editor or another tool


c:/Users/taiko/HCMUT/K252/CO3093_Computer_Networking/BTL/MMT_Assignment1/report_callback.tex:445: LaTeX Error: Invalid UTF-8 byte sequence (â\lst@FillFixed@\lst@EC”).

See the LaTeX manual or LaTeX Companion for explanation.
Type  H <return>  for immediate help.
 ...                                              
                                                  
l.445 â”œâ”€â”€ 
                www/                 # HTML pages
The document does not appear to be in UTF-8 encoding.
Try adding \UseRawInputEncoding as the first line of the file
or specify an encoding such as \usepackage [latin1]{inputenc}
in the document preamble.
Alternatively, save the file in UTF-8 using your editor or another tool


c:/Users/taiko/HCMUT/K252/CO3093_Computer_Networking/BTL/MMT_Assignment1/report_callback.tex:445: LaTeX Error: Invalid UTF-8 byte "9C.

See the LaTeX manual or LaTeX Companion for explanation.
Type  H <return>  for immediate help.
 ...                                              
                                                  
l.445 â”œâ”€â”€ 
                www/                 # HTML pages
The document does not appear to be in UTF-8 encoding.
Try adding \UseRawInputEncoding as the first line of the file
or specify an encoding such as \usepackage [latin1]{inputenc}
in the document preamble.
Alternatively, save the file in UTF-8 using your editor or another tool


c:/Users/taiko/HCMUT/K252/CO3093_Computer_Networking/BTL/MMT_Assignment1/report_callback.tex:445: LaTeX Error: Invalid UTF-8 byte sequence (â\lst@EC”\lst@EC€).

See the LaTeX manual or LaTeX Companion for explanation.
Type  H <return>  for immediate help.
 ...                                              
                                                  
l.445 â”œâ”€â”€ 
                www/                 # HTML pages
The document does not appear to be in UTF-8 encoding.
Try adding \UseRawInputEncoding as the first line of the file
or specify an encoding such as \usepackage [latin1]{inputenc}
in the document preamble.
Alternatively, save the file in UTF-8 using your editor or another tool


c:/Users/taiko/HCMUT/K252/CO3093_Computer_Networking/BTL/MMT_Assignment1/report_callback.tex:445: LaTeX Error: Invalid UTF-8 byte sequence (â\lst@EC”\lst@EC€).

See the LaTeX manual or LaTeX Companion for explanation.
Type  H <return>  for immediate help.
 ...                                              
                                                  
l.445 â”œâ”€â”€ 
                www/                 # HTML pages
The document does not appear to be in UTF-8 encoding.
Try adding \UseRawInputEncoding as the first line of the file
or specify an encoding such as \usepackage [latin1]{inputenc}
in the document preamble.
Alternatively, save the file in UTF-8 using your editor or another tool


c:/Users/taiko/HCMUT/K252/CO3093_Computer_Networking/BTL/MMT_Assignment1/report_callback.tex:446: LaTeX Error: Invalid UTF-8 byte sequence (â\lst@FillFixed@\lst@EC”).

See the LaTeX manual or LaTeX Companion for explanation.
Type  H <return>  for immediate help.
 ...                                              
                                                  
l.446 â”œâ”€â”€ 
                db/                  # account.txt, sessions_id.txt
The document does not appear to be in UTF-8 encoding.
Try adding \UseRawInputEncoding as the first line of the file
or specify an encoding such as \usepackage [latin1]{inputenc}
in the document preamble.
Alternatively, save the file in UTF-8 using your editor or another tool


c:/Users/taiko/HCMUT/K252/CO3093_Computer_Networking/BTL/MMT_Assignment1/report_callback.tex:446: LaTeX Error: Invalid UTF-8 byte "9C.

See the LaTeX manual or LaTeX Companion for explanation.
Type  H <return>  for immediate help.
 ...                                              
                                                  
l.446 â”œâ”€â”€ 
                db/                  # account.txt, sessions_id.txt
The document does not appear to be in UTF-8 encoding.
Try adding \UseRawInputEncoding as the first line of the file
or specify an encoding such as \usepackage [latin1]{inputenc}
in the document preamble.
Alternatively, save the file in UTF-8 using your editor or another tool


c:/Users/taiko/HCMUT/K252/CO3093_Computer_Networking/BTL/MMT_Assignment1/report_callback.tex:446: LaTeX Error: Invalid UTF-8 byte sequence (â\lst@EC”\lst@EC€).

See the LaTeX manual or LaTeX Companion for explanation.
Type  H <return>  for immediate help.
 ...                                              
                                                  
l.446 â”œâ”€â”€ 
                db/                  # account.txt, sessions_id.txt
The document does not appear to be in UTF-8 encoding.
Try adding \UseRawInputEncoding as the first line of the file
or specify an encoding such as \usepackage [latin1]{inputenc}
in the document preamble.
Alternatively, save the file in UTF-8 using your editor or another tool


c:/Users/taiko/HCMUT/K252/CO3093_Computer_Networking/BTL/MMT_Assignment1/report_callback.tex:446: LaTeX Error: Invalid UTF-8 byte sequence (â\lst@EC”\lst@EC€).

See the LaTeX manual or LaTeX Companion for explanation.
Type  H <return>  for immediate help.
 ...                                              
                                                  
l.446 â”œâ”€â”€ 
                db/                  # account.txt, sessions_id.txt
The document does not appear to be in UTF-8 encoding.
Try adding \UseRawInputEncoding as the first line of the file
or specify an encoding such as \usepackage [latin1]{inputenc}
in the document preamble.
Alternatively, save the file in UTF-8 using your editor or another tool


c:/Users/taiko/HCMUT/K252/CO3093_Computer_Networking/BTL/MMT_Assignment1/report_callback.tex:447: LaTeX Error: Invalid UTF-8 byte sequence (â\lst@FillFixed@\lst@EC”).

See the LaTeX manual or LaTeX Companion for explanation.
Type  H <return>  for immediate help.
 ...                                              
                                                  
l.447 â”œâ”€â”€ 
                start_backend.py     # Entry: --mode threading/callback
The document does not appear to be in UTF-8 encoding.
Try adding \UseRawInputEncoding as the first line of the file
or specify an encoding such as \usepackage [latin1]{inputenc}
in the document preamble.
Alternatively, save the file in UTF-8 using your editor or another tool


c:/Users/taiko/HCMUT/K252/CO3093_Computer_Networking/BTL/MMT_Assignment1/report_callback.tex:447: LaTeX Error: Invalid UTF-8 byte "9C.

See the LaTeX manual or LaTeX Companion for explanation.
Type  H <return>  for immediate help.
 ...                                              
                                                  
l.447 â”œâ”€â”€ 
                start_backend.py     # Entry: --mode threading/callback
The document does not appear to be in UTF-8 encoding.
Try adding \UseRawInputEncoding as the first line of the file
or specify an encoding such as \usepackage [latin1]{inputenc}
in the document preamble.
Alternatively, save the file in UTF-8 using your editor or another tool


c:/Users/taiko/HCMUT/K252/CO3093_Computer_Networking/BTL/MMT_Assignment1/report_callback.tex:447: LaTeX Error: Invalid UTF-8 byte sequence (â\lst@EC”\lst@EC€).

See the LaTeX manual or LaTeX Companion for explanation.
Type  H <return>  for immediate help.
 ...                                              
                                                  
l.447 â”œâ”€â”€ 
                start_backend.py     # Entry: --mode threading/callback
The document does not appear to be in UTF-8 encoding.
Try adding \UseRawInputEncoding as the first line of the file
or specify an encoding such as \usepackage [latin1]{inputenc}
in the document preamble.
Alternatively, save the file in UTF-8 using your editor or another tool


c:/Users/taiko/HCMUT/K252/CO3093_Computer_Networking/BTL/MMT_Assignment1/report_callback.tex:447: LaTeX Error: Invalid UTF-8 byte sequence (â\lst@EC”\lst@EC€).

See the LaTeX manual or LaTeX Companion for explanation.
Type  H <return>  for immediate help.
 ...                                              
                                                  
l.447 â”œâ”€â”€ 
                start_backend.py     # Entry: --mode threading/callback
The document does not appear to be in UTF-8 encoding.
Try adding \UseRawInputEncoding as the first line of the file
or specify an encoding such as \usepackage [latin1]{inputenc}
in the document preamble.
Alternatively, save the file in UTF-8 using your editor or another tool


c:/Users/taiko/HCMUT/K252/CO3093_Computer_Networking/BTL/MMT_Assignment1/report_callback.tex:448: LaTeX Error: Invalid UTF-8 byte sequence (â\lst@FillFixed@\lst@EC”).

See the LaTeX manual or LaTeX Companion for explanation.
Type  H <return>  for immediate help.
 ...                                              
                                                  
l.448 â”œâ”€â”€ 
                start_chatapp.py     # Entry: chat peer
The document does not appear to be in UTF-8 encoding.
Try adding \UseRawInputEncoding as the first line of the file
or specify an encoding such as \usepackage [latin1]{inputenc}
in the document preamble.
Alternatively, save the file in UTF-8 using your editor or another tool


c:/Users/taiko/HCMUT/K252/CO3093_Computer_Networking/BTL/MMT_Assignment1/report_callback.tex:448: LaTeX Error: Invalid UTF-8 byte "9C.

See the LaTeX manual or LaTeX Companion for explanation.
Type  H <return>  for immediate help.
 ...                                              
                                                  
l.448 â”œâ”€â”€ 
                start_chatapp.py     # Entry: chat peer
The document does not appear to be in UTF-8 encoding.
Try adding \UseRawInputEncoding as the first line of the file
or specify an encoding such as \usepackage [latin1]{inputenc}
in the document preamble.
Alternatively, save the file in UTF-8 using your editor or another tool


c:/Users/taiko/HCMUT/K252/CO3093_Computer_Networking/BTL/MMT_Assignment1/report_callback.tex:448: LaTeX Error: Invalid UTF-8 byte sequence (â\lst@EC”\lst@EC€).

See the LaTeX manual or LaTeX Companion for explanation.
Type  H <return>  for immediate help.
 ...                                              
                                                  
l.448 â”œâ”€â”€ 
                start_chatapp.py     # Entry: chat peer
The document does not appear to be in UTF-8 encoding.
Try adding \UseRawInputEncoding as the first line of the file
or specify an encoding such as \usepackage [latin1]{inputenc}
in the document preamble.
Alternatively, save the file in UTF-8 using your editor or another tool


c:/Users/taiko/HCMUT/K252/CO3093_Computer_Networking/BTL/MMT_Assignment1/report_callback.tex:448: LaTeX Error: Invalid UTF-8 byte sequence (â\lst@EC”\lst@EC€).

See the LaTeX manual or LaTeX Companion for explanation.
Type  H <return>  for immediate help.
 ...                                              
                                                  
l.448 â”œâ”€â”€ 
                start_chatapp.py     # Entry: chat peer
The document does not appear to be in UTF-8 encoding.
Try adding \UseRawInputEncoding as the first line of the file
or specify an encoding such as \usepackage [latin1]{inputenc}
in the document preamble.
Alternatively, save the file in UTF-8 using your editor or another tool


c:/Users/taiko/HCMUT/K252/CO3093_Computer_Networking/BTL/MMT_Assignment1/report_callback.tex:449: LaTeX Error: Invalid UTF-8 byte sequence (â\lst@FillFixed@\lst@EC”).

See the LaTeX manual or LaTeX Companion for explanation.
Type  H <return>  for immediate help.
 ...                                              
                                                  
l.449 â”œâ”€â”€ 
                start_tracker.py     # Entry: tracker
The document does not appear to be in UTF-8 encoding.
Try adding \UseRawInputEncoding as the first line of the file
or specify an encoding such as \usepackage [latin1]{inputenc}
in the document preamble.
Alternatively, save the file in UTF-8 using your editor or another tool


c:/Users/taiko/HCMUT/K252/CO3093_Computer_Networking/BTL/MMT_Assignment1/report_callback.tex:449: LaTeX Error: Invalid UTF-8 byte "9C.

See the LaTeX manual or LaTeX Companion for explanation.
Type  H <return>  for immediate help.
 ...                                              
                                                  
l.449 â”œâ”€â”€ 
                start_tracker.py     # Entry: tracker
The document does not appear to be in UTF-8 encoding.
Try adding \UseRawInputEncoding as the first line of the file
or specify an encoding such as \usepackage [latin1]{inputenc}
in the document preamble.
Alternatively, save the file in UTF-8 using your editor or another tool


c:/Users/taiko/HCMUT/K252/CO3093_Computer_Networking/BTL/MMT_Assignment1/report_callback.tex:449: LaTeX Error: Invalid UTF-8 byte sequence (â\lst@EC”\lst@EC€).

See the LaTeX manual or LaTeX Companion for explanation.
Type  H <return>  for immediate help.
 ...                                              
                                                  
l.449 â”œâ”€â”€ 
                start_tracker.py     # Entry: tracker
The document does not appear to be in UTF-8 encoding.
Try adding \UseRawInputEncoding as the first line of the file
or specify an encoding such as \usepackage [latin1]{inputenc}
in the document preamble.
Alternatively, save the file in UTF-8 using your editor or another tool


c:/Users/taiko/HCMUT/K252/CO3093_Computer_Networking/BTL/MMT_Assignment1/report_callback.tex:449: LaTeX Error: Invalid UTF-8 byte sequence (â\lst@EC”\lst@EC€).

See the LaTeX manual or LaTeX Companion for explanation.
Type  H <return>  for immediate help.
 ...                                              
                                                  
l.449 â”œâ”€â”€ 
                start_tracker.py     # Entry: tracker
The document does not appear to be in UTF-8 encoding.
Try adding \UseRawInputEncoding as the first line of the file
or specify an encoding such as \usepackage [latin1]{inputenc}
in the document preamble.
Alternatively, save the file in UTF-8 using your editor or another tool


c:/Users/taiko/HCMUT/K252/CO3093_Computer_Networking/BTL/MMT_Assignment1/report_callback.tex:450: LaTeX Error: Invalid UTF-8 byte sequence (â\lst@FillFixed@\lst@EC”).

See the LaTeX manual or LaTeX Companion for explanation.
Type  H <return>  for immediate help.
 ...                                              
                                                  
l.450 â”œâ”€â”€ 
                benchmark_th_cb.py   # Benchmark threading vs callback
The document does not appear to be in UTF-8 encoding.
Try adding \UseRawInputEncoding as the first line of the file
or specify an encoding such as \usepackage [latin1]{inputenc}
in the document preamble.
Alternatively, save the file in UTF-8 using your editor or another tool


c:/Users/taiko/HCMUT/K252/CO3093_Computer_Networking/BTL/MMT_Assignment1/report_callback.tex:450: LaTeX Error: Invalid UTF-8 byte "9C.

See the LaTeX manual or LaTeX Companion for explanation.
Type  H <return>  for immediate help.
 ...                                              
                                                  
l.450 â”œâ”€â”€ 
                benchmark_th_cb.py   # Benchmark threading vs callback
The document does not appear to be in UTF-8 encoding.
Try adding \UseRawInputEncoding as the first line of the file
or specify an encoding such as \usepackage [latin1]{inputenc}
in the document preamble.
Alternatively, save the file in UTF-8 using your editor or another tool


c:/Users/taiko/HCMUT/K252/CO3093_Computer_Networking/BTL/MMT_Assignment1/report_callback.tex:450: LaTeX Error: Invalid UTF-8 byte sequence (â\lst@EC”\lst@EC€).

See the LaTeX manual or LaTeX Companion for explanation.
Type  H <return>  for immediate help.
 ...                                              
                                                  
l.450 â”œâ”€â”€ 
                benchmark_th_cb.py   # Benchmark threading vs callback
The document does not appear to be in UTF-8 encoding.
Try adding \UseRawInputEncoding as the first line of the file
or specify an encoding such as \usepackage [latin1]{inputenc}
in the document preamble.
Alternatively, save the file in UTF-8 using your editor or another tool


c:/Users/taiko/HCMUT/K252/CO3093_Computer_Networking/BTL/MMT_Assignment1/report_callback.tex:450: LaTeX Error: Invalid UTF-8 byte sequence (â\lst@EC”\lst@EC€).

See the LaTeX manual or LaTeX Companion for explanation.
Type  H <return>  for immediate help.
 ...                                              
                                                  
l.450 â”œâ”€â”€ 
                benchmark_th_cb.py   # Benchmark threading vs callback
The document does not appear to be in UTF-8 encoding.
Try adding \UseRawInputEncoding as the first line of the file
or specify an encoding such as \usepackage [latin1]{inputenc}
in the document preamble.
Alternatively, save the file in UTF-8 using your editor or another tool


c:/Users/taiko/HCMUT/K252/CO3093_Computer_Networking/BTL/MMT_Assignment1/report_callback.tex:451: LaTeX Error: Invalid UTF-8 byte sequence (â\lst@FillFixed@\lst@EC”).

See the LaTeX manual or LaTeX Companion for explanation.
Type  H <return>  for immediate help.
 ...                                              
                                                  
l.451 â””â”€â”€ 
                test_chatapp.py      # Test toan bo chuc nang
The document does not appear to be in UTF-8 encoding.
Try adding \UseRawInputEncoding as the first line of the file
or specify an encoding such as \usepackage [latin1]{inputenc}
in the document preamble.
Alternatively, save the file in UTF-8 using your editor or another tool


c:/Users/taiko/HCMUT/K252/CO3093_Computer_Networking/BTL/MMT_Assignment1/report_callback.tex:451: LaTeX Error: Invalid UTF-8 byte "94.

See the LaTeX manual or LaTeX Companion for explanation.
Type  H <return>  for immediate help.
 ...                                              
                                                  
l.451 â””â”€â”€ 
                test_chatapp.py      # Test toan bo chuc nang
The document does not appear to be in UTF-8 encoding.
Try adding \UseRawInputEncoding as the first line of the file
or specify an encoding such as \usepackage [latin1]{inputenc}
in the document preamble.
Alternatively, save the file in UTF-8 using your editor or another tool


c:/Users/taiko/HCMUT/K252/CO3093_Computer_Networking/BTL/MMT_Assignment1/report_callback.tex:451: LaTeX Error: Invalid UTF-8 byte sequence (â\lst@EC”\lst@EC€).

See the LaTeX manual or LaTeX Companion for explanation.
Type  H <return>  for immediate help.
 ...                                              
                                                  
l.451 â””â”€â”€ 
                test_chatapp.py      # Test toan bo chuc nang
The document does not appear to be in UTF-8 encoding.
Try adding \UseRawInputEncoding as the first line of the file
or specify an encoding such as \usepackage [latin1]{inputenc}
in the document preamble.
Alternatively, save the file in UTF-8 using your editor or another tool


c:/Users/taiko/HCMUT/K252/CO3093_Computer_Networking/BTL/MMT_Assignment1/report_callback.tex:451: LaTeX Error: Invalid UTF-8 byte sequence (â\lst@EC”\lst@EC€).

See the LaTeX manual or LaTeX Companion for explanation.
Type  H <return>  for immediate help.
 ...                                              
                                                  
l.451 â””â”€â”€ 
                test_chatapp.py      # Test toan bo chuc nang
The document does not appear to be in UTF-8 encoding.
Try adding \UseRawInputEncoding as the first line of the file
or specify an encoding such as \usepackage [latin1]{inputenc}
in the document preamble.
Alternatively, save the file in UTF-8 using your editor or another tool




Package fancyhdr Warning: \headheight is too small (12.0pt): 
(fancyhdr)                Make it at least 17.97171pt, for example:
(fancyhdr)                \setlength{\headheight}{17.97171pt}.
(fancyhdr)                You might also make \topmargin smaller:
(fancyhdr)                \addtolength{\topmargin}{-5.97171pt}.


LaTeX Warning: Reference `LastPage' on page 10 undefined on input line 465.

[10]


Package fancyhdr Warning: \headheight is too small (12.0pt): 
(fancyhdr)                Make it at least 17.97171pt, for example:
(fancyhdr)                \setlength{\headheight}{17.97171pt}.
(fancyhdr)                You might also make \topmargin smaller:
(fancyhdr)                \addtolength{\topmargin}{-5.97171pt}.


LaTeX Warning: Reference `LastPage' on page 11 undefined on input line 478.

[11] 
enddocument/afterlastpage (AED): lastpage setting LastPage.
(output/report_callback.aux)
 ***********
LaTeX2e <2025-06-01> patch level 1
L3 programming layer <2025-07-19>
 ***********


LaTeX Warning: There were undefined references.


LaTeX Warning: Label(s) may have changed. Rerun to get cross-references right.


Package rerunfilecheck Warning: File `report_callback.out' has changed.
(rerunfilecheck)                Rerun to get outlines right
(rerunfilecheck)                or use package `bookmark'.

Package rerunfilecheck Info: Checksums for `report_callback.out':
(rerunfilecheck)             Before: <no file>
(rerunfilecheck)             After:  452004F8FDB6095410915740EA6B3AE8;4494.

Package lastpage Warning: Rerun to get the references right on input line 478.

 ) 
Here is how much of TeX's memory you used:
 25534 strings out of 467816
 457892 string characters out of 5436431
 1307226 words of memory out of 5000000
 53519 multiletter control sequences out of 15000+600000
 648893 words of font info for 80 fonts, out of 8000000 for 9000
 1141 hyphenation exceptions out of 8191
 84i,14n,87p,509b,2192s stack positions out of 10000i,1000n,20000p,200000b,200000s
<c:/texlive/2025/texmf-dist/fonts/type1/public/amsfonts/cm/cmmi12.pfb><c:/texlive/2025/texmf-dist/fonts/type1/public/amsfonts/cm/cmsy10.pfb><c:/texlive/2025/texmf-dist/fonts/type1/public/cm-super/sfbx1200.pfb><c:/texlive/2025/texmf-dist/fonts/type1/public/cm-super/sfrm1200.pfb><c:/texlive/2025/texmf-dist/fonts/type1/vntex/vnr/vnbx10.pfb><c:/texlive/2025/texmf-dist/fonts/type1/vntex/vnr/vnbx12.pfb><c:/texlive/2025/texmf-dist/fonts/type1/vntex/vnr/vnitt10.pfb><c:/texlive/2025/texmf-dist/fonts/type1/vntex/vnr/vnr10.pfb><c:/texlive/2025/texmf-dist/fonts/type1/vntex/vnr/vnr12.pfb><c:/texlive/2025/texmf-dist/fonts/type1/vntex/vnr/vnr6.pfb><c:/texlive/2025/texmf-dist/fonts/type1/vntex/vnr/vnsl12.pfb><c:/texlive/2025/texmf-dist/fonts/type1/vntex/vnr/vntt10.pfb><c:/texlive/2025/texmf-dist/fonts/type1/vntex/vnr/vntt12.pfb>
Output written on output/report_callback.pdf (12 pages, 198208 bytes).
PDF statistics:
 405 PDF objects out of 1000 (max. 8388607)
 361 compressed objects within 4 object streams
 238 named destinations out of 1000 (max. 500000)
 13 words of extra memory for PDF output out of 10000 (max. 10000000)

